follower,influencer,danceability,energy,valence,tempo,mode,key,acousticness,instrumentalness,liveness,speechiness,mdis
74,759491,0.19399999999999995,-0.010000000000000009,0.32060000000000005,-19.734333300000017,1.0,-2.0,0.019176333,-0.015026666999999997,0.25953333300000003,-0.143333333,10.734346489424142
1611,559405,0.24933333299999993,0.14033333299999995,0.40336923099999994,7.431025599999998,0.0,-5.0,-0.08123989699999999,-0.000319884,-0.04257435899999998,-0.057776923000000015,2.837671253414719
2578,133969,0.2839999999999999,-0.478,0.48260000000000003,-14.22083330000001,1.0,-1.0,0.42452633300000003,0.059716833,-0.015116666999999986,-0.15858333300000002,1.1580516910295182
4358,178014,0.13612499999999994,0.11112499999999992,0.3641249999999999,-27.972250000000003,0.0,-1.0,0.18717499999999998,0.0,-0.03542500000000001,-0.03637499999999999,13.912461672771727
4553,536122,-0.114166667,-0.1548333329999999,-0.130166667,30.777833299999983,-1.0,9.0,-0.058499999999999996,-0.28212699999999996,0.06708333300000002,-0.0421,11.761952318660605
6563,396372,-0.140266667,-0.030906666999999943,-0.04916666699999994,26.611100000000008,0.0,0.0,-0.041100000000000025,-0.40538431699999994,0.002576666999999977,-0.005523332999999998,2.3925516133692852
6855,942252,-0.22244444400000002,-0.263644444,-0.4448000000000001,-27.631044400000007,0.0,2.0,-0.026751110999999828,-0.006671640999999999,0.21516444399999998,0.065253333,6.6066978858912115
7974,334740,0.13778703700000006,-0.29182407400000004,0.058555556000000064,-30.115962999999994,0.0,-7.0,0.04439777800000003,3.05e-05,-0.04027963000000001,-0.005022222,5.70341073340493
11210,18258,0.09907692300000004,0.07500000000000007,0.18046153799999998,-14.951846200000006,0.0,-3.0,-0.230503538,-0.11721018000000001,-0.086815385,-0.130861538,10.59502127770347
11506,740833,-0.34349999999999997,0.4455,-0.059,-13.2025,0.0,1.0,-0.68165,0.00041,-0.5297499999999999,-0.06054999999999999,12.690250476138447
11664,112789,-0.18899999999999995,0.561,-0.22,-5.460000000000008,0.0,4.0,-0.837313,0.0041,-0.15699999999999997,-0.0576,8.29331161915572
12877,66915,0.26780000000000004,0.11120000000000002,-0.08279999999999998,-32.1756,1.0,-4.0,-0.23559999999999998,0.00126272,-0.32424,0.006319999999999996,7.738477742988875
14329,32071,-0.28200000000000003,0.34866666700000004,-0.3089999999999999,30.186666700000004,0.0,-9.0,-0.22366666700000004,0.000304553,0.3966666670000001,0.05343333299999999,10.344614589915452
14959,112462,-0.09347777800000001,-0.24674444399999995,-0.334388889,-8.446022200000002,0.0,2.0,-0.043458888999999945,0.114638302,-0.09447777799999998,0.011398888999999995,3.3334412563100915
16227,43714,0.14716666700000003,0.25100000000000006,0.44483333299999994,-17.705833400000017,-1.0,5.0,-0.111306666,0.0170196,0.4586666669999999,-0.005283334000000008,21.3318643834818
17882,857203,0.1751999999999999,-0.049199999999999966,0.3206,11.698799999999991,0.0,0.0,0.23819999999999997,0.0419,-0.047140000000000015,0.012399999999999994,5.266910786985944
18176,305501,0.27875,0.0495000000000001,-0.29699999999999993,-10.947499999999991,0.0,-10.0,0.054865874999999995,-0.197899,-0.10974999999999999,0.0016499999999999987,7.5317028119123295
18862,617196,-0.596425,-0.13524999999999998,-0.407325,-11.980249999999998,0.0,7.0,0.10150000000000003,0.92475,-0.49324999999999997,-0.052224999999999994,10.534093862020619
19740,608945,0.0063749999999999085,0.24712500000000004,0.5181250000000001,29.113749999999996,-1.0,9.0,0.022962499999999997,0.00022331,-0.5334125,-0.044899999999999995,8.976097309794923
20919,680522,-0.177666667,0.3276666669999999,0.534666667,5.819666700000013,-1.0,0.0,0.05861,6.929999999999999e-05,0.06933333300000001,-0.2126,15.51226069942235
22602,62823,-0.30799999999999994,0.6869999999999999,0.20900000000000002,-3.9669999999999987,-1.0,9.0,-0.837895,0.026000000000000002,-0.5207999999999999,-0.045899999999999996,16.556060105483787
22875,130932,-0.305818182,0.448909091,0.01200000000000001,28.870272699999987,0.0,6.0,-0.729298182,0.000530512,-0.41321818199999993,-0.055027272999999995,5.8791523459958706
22981,228323,-0.1595,0.08750000000000002,-0.06614999999999999,-28.234833300000005,1.0,-9.0,-0.007216846999999999,0.899623333,0.11598333300000002,-0.11813333300000002,11.150685596753409
23147,463527,-0.2929999999999999,-0.08828095300000005,-0.487057143,-8.403618999999992,0.0,10.0,0.343509524,0.21631811,-0.009909523999999989,0.0002523810000000029,4.498871101654015
23411,190632,0.021537037000000092,-0.273074074,0.018055556000000084,-22.261462999999978,0.0,-2.0,0.257897778,0.0,-0.03012963000000002,0.017627777999999997,2.1379185253993085
24152,502163,-0.14027777799999996,0.06905555600000002,-0.11838888900000011,-12.2122222,0.0,-2.0,0.16016111100000002,-0.024161397999999997,-0.168277778,-0.002361111000000006,9.182040883884149
25394,104714,0.43500000000000005,-0.18299999999999994,0.7966,-5.589333300000021,1.0,-10.0,-0.004823667,0.0015233330000000017,0.21553333300000002,-0.13503333300000003,14.340327681045242
25899,793845,0.433002778,0.584055556,0.6327305559999999,14.008833299999978,0.0,9.0,-0.9188211110000001,-0.779407006,-0.036511111,0.04033888900000001,3.2994249487341656
26161,205180,-0.008415254000000094,0.22891186399999996,0.01650000000000007,-9.099533900000011,0.0,9.0,0.194506534,-0.050594032000000004,-0.01596228800000002,0.034624576000000004,14.430492814348234
27102,180228,0.04972222199999998,-0.06394444399999999,0.11461111099999999,16.6897778,0.0,-5.0,0.40816111099999997,0.266828302,-0.173277778,-0.001561111000000004,7.21905060222014
28015,259529,-0.05510000000000004,-0.1791399999999999,0.04800000000000004,9.761349999999993,0.0,-5.0,-0.33585000000000004,-0.541019265,0.07355999999999999,-0.00544,16.585400439527458
28692,567325,-0.057777777999999946,0.21782222200000007,0.07018333299999996,23.18611109999999,0.0,3.0,-0.277888889,-0.46766183299999997,-0.08609444399999998,-0.0014722220000000022,5.50874851753259
29604,577627,-0.04138888900000004,0.07838888900000007,-0.041722221999999975,7.1958889,-1.0,4.0,-0.08583411099999996,0.16200285800000003,-0.157344445,0.03934999999999999,16.229007516799832
31971,819344,0.24050000000000005,0.38700000000000007,0.13800000000000012,10.626000000000005,1.0,-4.0,-0.336545,0.004600699999999999,-0.44955,0.0125,8.96811164212681
32045,2411,0.01200000000000001,0.2449,0.06415000000000001,34.57599999999998,0.0,6.0,0.6787500000000001,0.02299999999999991,0.10425,0.00145,22.01834231261891
32193,848784,0.10319780199999995,0.317692308,0.2064615379999999,5.793604399999992,0.0,7.0,-0.17149450600000005,-0.000618039,-0.01152747200000001,0.180830769,9.466487318469342
32333,31263,-0.28200000000000003,-0.09599999999999997,-0.42600000000000005,29.67800000000001,1.0,0.0,0.3590000000000001,3.5e-06,0.028000000000000025,-0.0011999999999999997,16.194815360037314
32409,774588,-0.10599999999999987,0.21999999999999997,0.182,33.625,0.0,5.0,-0.21199999999999997,0.0,0.3320000000000001,-0.0566,55.521945702353506
33995,378624,0.219416667,-0.192666667,-0.22183333299999997,-15.27316669999999,0.0,-2.0,0.27819920800000003,-0.17434936,-0.07093333299999999,-0.021883332999999998,5.42385081266919
34880,37730,-0.36599999999999994,0.668,-0.05299999999999999,53.653999999999996,0.0,-1.0,-0.83383,0.0396,-0.5076999999999999,0.017299999999999996,9.648040319931901
35864,154998,0.1865,-0.3365,0.46509999999999996,-14.517833300000007,1.0,-9.0,0.24197633300000002,0.11012393799999999,0.353633333,-0.14773333300000002,8.035279875246623
36934,267354,-0.05538571400000003,-0.11516142899999993,0.04096428600000013,14.756671400000016,0.0,0.0,0.093935714,-0.137112152,0.025702856999999968,0.0013135709999999995,8.068421040935014
37197,315336,-0.020375000000000032,-0.362225,-0.311075,0.9927499999999867,1.0,3.0,0.36634999999999995,-0.0058192439999999995,-0.07827500000000001,-0.047400000000000005,5.762860981449478
37865,607283,-0.0021111110000000544,0.05472222300000007,0.16833333299999986,-35.19277773,0.0,2.0,-0.17294444399999986,-0.006000884,-0.07953888899999999,0.0077666659999999985,5.220429418860746
41976,772745,-0.26399999999999996,0.7000000000000001,-0.28,34.089,0.0,1.0,-0.837986,0.00168,-0.344,0.0233,9.404511787870181
45287,279337,0.06999999999999995,-0.10399999999999998,0.269,6.765000000000001,0.0,7.0,0.05840000000000001,0.00143,-0.46799999999999997,-0.1759,16.039929262574546
45745,809396,-0.11300000000000004,-0.43499999999999994,-0.5525,17.837000000000018,-1.0,2.0,0.409333333,0.6233333329999999,-0.03040000000000001,0.10003333300000002,15.92716778219763
45941,48816,0.31842528800000003,0.18630344799999998,0.393172414,63.27745399,1.0,-2.0,-0.12407471199999998,-0.901326055,0.140375862,0.064982759,15.05881717515891
46184,403120,-0.06820625000000002,-0.007293749999999988,-0.1535875,8.346987499999997,0.0,2.0,0.10176250000000009,0.063233475,-0.13034,-0.035609375,4.534547582573309
46345,211424,-0.17599999999999993,0.15889999999999999,-0.15165,53.23699999999998,0.0,7.0,0.24175000000000005,-0.030999999999999917,0.87925,0.0016499999999999987,72.44238673693646
48126,333464,-0.10699999999999998,0.352,0.421,15.418000000000006,0.0,1.0,-0.39399999999999996,0.0705,-0.5035999999999999,-0.0469,7.67305510855359
48806,359062,-0.22599999999999998,0.381,0.336,-8.990000000000009,-1.0,1.0,0.17451,0.8809999999999999,-0.01859999999999999,-0.2217,11.331213569644394
49163,683750,-0.010775000000000035,0.09999999999999998,-0.03392499999999998,5.983999999999995,1.0,9.0,0.03500000000000003,0.057499999999999996,-0.01965,0.004499999999999997,27.45829548232621
50581,311680,-0.13142424200000002,-0.30119697,-0.36842424200000007,6.042257599999999,1.0,-2.0,0.24135,9.910000000000001e-07,-0.05667424300000001,-0.032437879,11.652045286884237
51230,586798,-0.023666666999999975,0.15633333299999996,0.03136923099999994,-14.285974400000015,0.0,-7.0,-0.137509897,0.5756526160000001,0.134425641,-0.06197692300000001,15.212103060452488
53441,311074,0.20064814799999997,-0.16772036999999998,0.07899722200000003,18.57394448000001,0.0,-1.0,0.05237037,-0.361681342,-0.03516018599999998,0.002119443999999998,1.9029436043468049
57488,403120,0.045333332999999976,-0.12666666599999996,0.15033333400000004,20.75399996999998,0.0,0.0,-0.14200000000000002,-1.11e-06,-0.14603333400000004,-0.013366666,5.786053468133804
58361,49180,0.11910000000000004,0.08825,0.13240000000000007,-36.8584,0.0,1.0,-0.16160000000000008,0.005170507,0.09916,-0.010000000000000002,12.70493528462131
59503,129775,-0.23666666700000005,-0.15533333299999996,0.0793333329999999,88.49333329999997,-1.0,3.0,0.3541000000000001,-0.282618,0.03243333300000001,-0.002600000000000005,32.51258056550904
62270,131681,-0.05134230799999995,0.10786153799999998,0.04507692299999988,3.445915400000004,0.0,-1.0,-0.23079615399999998,-0.035014773,-0.056343076999999964,-0.106586538,9.514969419909544
62455,24944,-0.08699999999999997,0.616,-0.3749999999999999,-1.7049999999999983,0.0,0.0,-0.7832,-1.81e-06,0.009999999999999995,0.03729999999999999,7.970864778528215
62729,165855,-0.120277778,-0.22394444399999996,-0.10538888899999999,-38.8902222,0.0,2.0,0.23716111100000004,-0.024169517999999997,-0.003277778000000009,-0.0030611110000000052,10.321934290272338
63340,520545,-0.07900000000000007,0.20800000000000007,0.14500000000000002,-0.9489999999999981,1.0,5.0,-0.0005250000000000001,-0.037698949999999995,0.8510000000000001,0.023100000000000002,64.80889597128251
64817,1006782,0.060388888999999946,0.11017777799999995,0.23650000000000004,48.89844440000002,-1.0,11.0,-0.940011111,-0.49341722200000004,0.019777777999999996,0.22232222199999996,30.765102358699426
64954,3595,-0.30799999999999994,-0.1265,-0.423,-22.039999999999992,0.0,9.0,0.42199999999999993,0.0174,0.2255,0.2021,6.697294154766259
74005,156886,-0.286267857,-0.31695803599999994,-0.281203929,4.704032099999992,1.0,-2.0,0.593192857,0.20494644999999995,0.0346225,0.013337500000000002,12.28389628447543
74340,805930,-0.03410000000000002,-0.20313999999999993,0.14575000000000005,10.840099999999993,0.0,2.0,0.1641499999999999,-0.40493729999999994,-0.021690000000000015,0.0004600000000000021,3.48931355374777
74952,190012,0.13768749999999996,-0.30859375,0.01583125000000002,-16.777312500000008,0.0,-2.0,0.1843125,0.9436459,-0.024637500000000007,0.01146875,6.431856718732378
75329,361393,-0.06979999999999997,0.2921999999999999,0.48000000000000004,5.795999999999992,-1.0,-8.0,0.11716999999999998,0.00012424,-0.004479999999999998,-0.16872,14.952549281812495
77963,677781,-0.08318181799999991,0.32063636399999995,0.14972727299999994,9.096181799999997,0.0,6.0,-0.7812687269999999,0.0005408090000000001,-0.474581818,-0.054599999999999996,6.455733799039942
80609,137390,0.3500000000000001,-0.16349999999999998,0.5371,5.717666699999995,1.0,-11.0,0.0023363329999999995,0.422623333,-0.027916666999999992,-0.15213333300000004,10.668704240430303
84387,780005,0.17399999999999993,0.134,0.13900000000000012,18.006,1.0,2.0,0.09103900000000001,-0.022099999999999998,0.23800000000000004,0.0005000000000000004,7.002458541324373
87922,860080,-0.1885,0.48450000000000004,0.03294999999999998,38.83099999999999,0.0,4.0,-0.8363149999999999,4.0600000000000004e-05,-0.5237999999999999,-0.060349999999999994,1.7870517267844552
89071,128440,0.32399999999999995,-0.264,0.6326,-10.755333300000018,0.0,-2.0,0.091976333,-0.016851566999999998,-0.01656666699999998,-0.15153333300000002,10.746345021699886
90389,290464,-0.04236363599999993,0.18845454500000003,-0.044863635999999985,-0.8385454999999951,-1.0,2.0,0.04860181799999999,0.432556409,0.013790909000000004,0.023340909,5.727956815207691
91651,921306,0.05899999999999994,0.22699999999999998,0.2470000000000001,27.685000000000002,1.0,4.0,-0.000129,-0.0356,-0.028700000000000003,0.025100000000000004,10.029021478743415
91763,7448,-0.013666667000000077,-0.015333332999999949,-0.14666666699999997,2.912333299999986,-1.0,-1.0,-0.17729999999999999,-0.26704999999999995,0.07643333300000002,-0.054599999999999996,15.766174564838803
95176,607202,-0.24285,0.00014999999999998348,0.19189,-16.571200000000005,-1.0,1.0,0.419784,0.7253,0.04617,-0.18721500000000002,2.775249001079087
96701,288111,0.10758474600000001,0.16141186399999996,0.15000000000000002,1.5839660999999836,0.0,6.0,-0.18070346600000003,0.22030596799999996,-0.01746228800000002,0.005524575999999996,2.993888392358768
96804,139026,0.00024999999999997247,-0.14700000000000002,0.27035000000000003,-21.57483330000001,0.0,-2.0,0.11146133299999998,-0.014125416999999998,0.07828333300000001,-0.14503333300000001,11.810866269608566
98467,754032,0.04912500000000003,0.15687500000000004,-0.2890499999999999,-27.698499999999996,1.0,-2.0,-0.2190875,0.003860904,-0.11217499999999997,0.044125,9.743015610388703
98707,825251,-0.17899999999999994,0.653,-0.04799999999999999,67.50200000000001,0.0,1.0,-0.837634,0.0314,-0.33699999999999997,0.03829999999999999,7.2512603941277085
99888,754032,-0.054277778,0.06205555600000001,0.123611111,23.697777799999983,0.0,2.0,0.4371611110000001,-0.024171698,-0.09227777799999998,-0.007061111000000005,18.98055631550499
101575,4852,0.06859848499999999,0.07749621200000001,0.14075757599999994,-13.087412900000004,1.0,-1.0,-0.20533181799999997,0.094412157,-0.08480947000000001,-0.023235606,7.973595352321212
101776,642542,-0.29364999999999997,0.12773333299999995,-0.24633333300000004,-4.212033299999987,0.0,4.0,-0.673616667,0.74129806,-0.19228666699999997,-0.143108333,7.977417872323449
102964,471355,-0.20571428599999997,0.730142857,0.09957142899999999,2.018428599999993,0.0,10.0,-0.5926,0.089451154,-0.28428571399999997,0.04345714300000002,12.936673050564536
103460,443997,0.008384614999999984,0.100463077,-0.14989230799999997,2.53634615,0.0,-10.0,-0.24653846200000007,0.023965785000000003,0.025392308000000002,-0.050499999999999996,10.434825219321493
108283,296024,0.026083332999999986,0.37491666700000004,0.43150000000000005,-12.380333300000004,-1.0,0.0,-0.004333332999999939,0.0030643,-0.023308333000000014,0.011091667,3.092842239989695
108774,69153,0.03500000000000003,-0.5570000000000002,-0.48500000000000004,-33.51599999999999,0.0,9.0,0.62,0.0,-0.03500000000000002,-0.014399999999999996,3.4424497809652244
109012,754032,-0.15827777799999998,-0.1419444439999999,0.032611111000000026,24.322777799999983,0.0,-2.0,-0.034838888999999984,0.25782830199999995,0.581722222,-0.004761111000000005,52.482268985353095
109669,105618,-0.38241525400000004,-0.46708813600000004,-0.2104999999999999,47.09246609999998,-1.0,9.0,0.509506534,-0.050527332,-0.06706228800000001,-0.017375424000000004,27.06126779241129
110792,502163,0.09300000000000008,-0.005500000000000005,-0.3265,-16.355000000000018,1.0,-8.0,0.0479,0.0005047000000000001,-0.41659999999999997,0.006999999999999996,4.656981217522936
118853,781172,-0.03310000000000002,-0.09963999999999995,0.03300000000000014,22.073599999999985,-1.0,2.0,0.05289999999999995,0.25698,0.13325999999999996,-0.0024399999999999977,8.194950315152134
120163,486047,-0.283,0.674666667,0.20666666700000008,91.29400000000001,0.0,3.0,-0.37933333299999994,0.0,-0.40533333299999996,0.33830000000000005,51.59357931049726
120411,297894,0.012388889000000014,-0.3639444439999999,-0.40705555600000004,-21.080555529999998,0.0,-5.0,0.20782777800000007,-0.015378364999999998,-0.136611111,-0.005294444000000002,12.188291599678669
120412,647796,-0.17299999999999993,0.5105000000000001,0.285,15.522000000000006,-1.0,5.0,-0.6284,6.45e-06,-0.43299999999999994,-0.04915,12.719408419406781
120487,750203,0.07725000000000004,-0.19884499999999997,-0.28802,-31.767150000000015,1.0,-5.0,-0.036599999999999966,-0.000646034,-0.573155,-0.5204500000000001,16.113525571328424
121236,753706,-0.06414285700000011,0.08928571400000007,0.07357142900000002,57.685,1.0,-2.0,0.0037649999999999993,-0.0377,0.05721428600000002,0.022014286,2.5398263336076
123515,96379,-0.25092307700000005,0.016000000000000014,0.25346153799999993,30.455153800000005,-1.0,-3.0,0.16799646199999996,-0.12841018,0.7659846149999999,0.10873846199999998,62.502703129396366
124248,518313,-0.20566666700000003,0.31299999999999994,0.21066666700000003,7.5016667000000155,0.0,-7.0,0.17270000000000002,0.08598666699999999,0.08299999999999998,-0.196333333,7.507143353918906
126862,288111,-0.171659836,-0.04198770500000004,-0.18342213099999993,-10.322344300000012,1.0,-8.0,-0.04989098399999997,0.00035957999999999997,0.06664918,-0.08372418,5.479811834521609
127889,31263,0.31,0.48400000000000004,0.539,-35.259000000000015,0.0,-4.0,-0.20700000000000007,-0.00716,0.006000000000000005,0.024399999999999998,13.574734029405494
128249,792507,0.17692105299999994,0.014429825000000007,0.2707456140000001,7.302482470000001,0.0,-3.0,-0.06492105299999995,1.06e-06,-0.13899824600000002,-0.017080700999999997,5.529733475724691
129551,743966,-0.24219999999999997,0.6087,0.07770000000000005,24.879500000000007,-1.0,10.0,-0.81773677,0.06260675,-0.44878999999999997,-0.024050000000000002,10.988413610820155
129591,276085,0.16860000000000003,0.04099999999999998,-0.10860000000000003,-52.0989,0.0,0.0,-0.31010000000000004,2.0832e-05,-0.09184,-0.010349999999999998,7.959505583259008
130036,87985,-0.066222222,-0.23310555499999996,-0.28672222199999997,8.01635189999999,0.0,0.0,0.24304333300000003,-0.006670709,0.122698148,0.030637037,6.910403219500194
132849,24944,0.305,0.2870000000000001,0.183,9.109999999999985,0.0,-1.0,-0.405,-0.00715023,-0.058499999999999996,-0.0034000000000000002,3.6033015073671737
133420,137580,-0.039000000000000035,0.06266666700000001,0.370933333,6.359000000000009,0.0,-7.0,-0.005029234,0.265456666,0.22876666600000004,-0.10750000000000003,12.905562224098642
133528,120521,0.14900000000000013,0.36099999999999993,-0.04800000000000004,-14.149000000000001,1.0,-8.0,-0.16599999999999998,0.2669597,-0.4498,0.004199999999999999,7.317163093880421
133832,162677,-0.052344681000000004,-0.1085782979999999,-0.03527659599999994,10.887791499999992,0.0,0.0,-0.07950000000000002,-0.25688192499999996,0.16438765999999996,0.031825957,1.5178207416171312
135024,824022,0.05409999999999998,0.18949999999999995,0.1494000000000001,-14.189149999999984,0.0,-7.0,-0.25610000000000005,3.202e-06,-0.08404,-0.005600000000000001,2.4188113057640424
138235,230667,-0.11709999999999998,0.3015,-0.2223,10.299099999999996,0.0,0.0,-0.2884,0.0,-0.46673,-0.06806,17.437058347625253
140176,792507,-0.16915555600000004,-0.18025111100000002,-0.30733333299999993,-12.646600000000007,0.0,-6.0,0.20946666700000005,0.0014014370000000002,-0.08223777800000004,-0.042708889,1.8862433686191973
141256,246022,-0.05410576900000008,0.5844423080000001,0.34196153799999995,13.165961500000009,0.0,8.0,-0.577298077,0.8611185610000001,0.22316538499999997,-0.0038067309999999938,20.85547433799775
144629,939567,-0.344277778,-0.13994444399999995,-0.38638888900000007,-39.65122220000001,0.0,-5.0,0.13116111100000005,-0.022581697999999997,-0.268777778,-0.004061111000000006,23.10720475776802
146478,222436,0.09999999999999998,-0.050000000000000044,0.4716,9.900666699999988,1.0,-5.0,0.014776333000000003,-0.016857167,0.138533333,-0.13903333300000004,2.0969004239312343
146755,6320,0.15759999999999996,-0.17959999999999998,0.48140000000000005,0.34626670000000104,1.0,-9.0,0.028356333,-0.012490326999999999,0.259593333,-0.152993333,11.564259542598009
146796,762731,0.11660714299999991,-0.29949999999999993,-0.32799999999999996,9.124214299999991,0.0,-2.0,0.24816301799999999,-0.197534357,0.019692857000000008,-0.012692857000000002,3.0377097491828824
150629,197532,0.234125,-0.03824999999999995,0.312875,-39.20600000000002,1.0,3.0,0.6863124999999999,-0.1229959,-0.054087499999999955,0.05786875,5.225474933447103
156749,207127,0.21299999999999997,-0.028000000000000025,0.496,-55.837,0.0,-10.0,-0.23399999999999999,1.91e-05,0.055400000000000005,-0.006499999999999999,8.111727423376621
158765,672910,0.22799999999999998,-0.28700000000000003,0.36260000000000003,-33.84933330000001,1.0,0.0,0.141776333,0.814123333,0.15253333300000002,-0.16233333300000002,20.844811960010922
162265,687933,0.0959629629999999,-0.30033333299999987,-0.5448888889999999,19.050037000000003,0.0,-7.0,0.49842037,0.001890341,0.07219259300000003,0.010514814999999997,11.924584540353568
162794,223701,0.0021428569999999425,-0.5465714290000001,-0.08385714299999991,-80.97628571000001,0.0,7.0,0.7466342859999999,0.24983814299999998,0.01597142900000001,0.058428570999999985,15.456025975799783
164750,567190,0.10738888899999999,0.00972222300000014,0.02561111100000002,7.692111099999977,0.0,4.0,-0.14399655599999997,0.052499739,-0.18444444499999998,0.027272221999999992,8.298733696840124
166767,784527,-0.12699999999999995,0.1009,-0.2911,-11.388999999999996,0.0,-5.0,0.018000000000000127,-0.46299999999999997,0.22299999999999998,-0.008100000000000003,15.068376041846902
167296,754032,0.001322221999999984,-0.21254444399999994,-0.22938888899999998,-8.176022200000006,0.0,-5.0,-0.13953888899999997,0.203388302,-0.09699777799999998,0.024058889,6.106624697201447
167762,88180,-0.1472,0.6676,0.02350000000000002,26.466700000000003,0.0,3.0,-0.836536266,0.000687109,-0.36565,-0.020419999999999994,1.7774286177686747
170214,822777,-0.038447059000000006,-0.439423529,-0.370211765,-12.446764700000017,0.0,-2.0,0.12329411800000001,0.04405882399999994,0.015051765000000009,-0.0039964710000000014,12.041929925876069
170690,532957,0.10522222199999998,-0.17817777799999998,0.3066833329999999,38.763611100000006,0.0,10.0,0.07511111100000001,-0.160033333,-0.03969444399999997,0.010377777999999997,11.105074880337632
173007,211758,0.010149999999999992,-0.22963999999999993,-0.0472499999999999,10.207349999999991,0.0,-2.0,0.12764999999999993,-0.13140437499999996,0.00800999999999999,0.12491000000000001,6.777489009040401
174506,951384,-0.18399999999999994,0.010000000000000009,-0.2685,17.058000000000007,0.0,-7.0,0.46635000000000004,-0.0006405,0.009300000000000003,-0.006650000000000003,6.383698199972958
176083,324819,0.453,0.16965000000000002,0.23109999999999997,42.364000000000004,0.0,-8.0,-0.04200000000000004,-0.9429116999999999,0.0553,0.005400000000000002,18.42638915617444
177372,175775,0.014590164000000017,-0.10673770500000002,-0.01767213099999987,-25.89634430000001,1.0,-10.0,-0.16934098399999997,-4.98e-05,0.16214917999999995,-0.04234918,10.125362827654245
177957,81683,0.009761903999999988,0.03628571399999997,0.052857142999999995,-17.86,0.0,3.0,0.077311571,-0.007278596,0.061328570999999985,-0.080080953,9.65804788480908
178621,343930,0.05199999999999999,0.01200000000000001,0.31560000000000005,18.501666699999987,1.0,-7.0,0.003176333,0.885123333,-0.05976666699999999,-0.152633333,12.779325245530515
178645,44764,0.27374999999999994,-0.25549999999999995,0.50035,-2.0803333000000066,1.0,-2.0,0.19912633300000002,0.336131208,0.137333333,-0.14023333300000002,10.966990415041103
178750,59819,-0.10511111100000003,-0.3193333329999999,-0.27577777800000003,18.796666599999966,0.0,3.0,0.049766667000000014,-0.27921799999999997,0.05936666600000001,-0.061388889,5.495307258538432
179636,805785,-0.414,0.5665,-0.14300000000000002,11.150499999999994,0.0,6.0,-0.82050495,0.895,-0.32149999999999995,-0.02894999999999999,6.672075314973425
181817,18258,0.2562499999999999,-0.09950000000000003,-0.2915,-18.905,0.0,-4.0,0.050115875000000004,-0.1985215,-0.030799999999999994,0.025099999999999997,6.401525224893735
184451,239655,-0.08700000000000008,0.23500000000000004,0.17000000000000004,3.953000000000003,1.0,1.0,-0.033999999999999975,0.0,0.185,0.0023999999999999994,15.374997609536326
185440,308762,0.11799999999999994,-0.15638333400000004,-0.28611666700000005,-31.034499999999994,1.0,5.0,0.463,0.25122,0.05059999999999999,-0.015266667000000005,5.793192213129989
185999,197921,-0.28424999999999995,0.7222500000000001,0.21949999999999997,32.994249999999994,-1.0,3.0,-0.8271925,0.42442250000000004,-0.20375,-0.014424999999999993,18.96714791038803
186481,91650,0.18999999999999995,-0.376,0.35109999999999997,-16.079833300000004,1.0,-2.0,0.45727633300000003,-0.016873996999999998,0.09053333300000002,-0.005333333000000023,9.407762408699671
188467,75100,0.15100000000000002,0.293,-0.2749999999999999,-31.305750000000003,1.0,-2.0,-0.273825,0.055800783,-0.323325,0.010399999999999996,1.9388804822649714
188843,292559,-0.32540983599999995,-0.641737705,-0.514672131,-12.14334430000001,0.0,-6.0,0.709359016,0.0016501999999999999,-0.02985082,-0.07384918,16.573657303125863
189701,947816,-0.052666667,-0.09600000000000003,-0.02200000000000002,4.470333299999979,0.0,-6.0,0.45499999999999996,-0.000137777,0.057300000000000004,-0.0027666670000000004,1.7680553130837324
190531,414251,0.06933333299999989,-0.5893333329999999,0.013333332999999947,-16.650666700000016,0.0,5.0,0.1721,-0.27085,0.005233333000000007,-0.0672,7.511211490592677
190888,684920,-0.027000000000000024,0.283285714,-0.10557142900000005,-19.25399999999999,0.0,6.0,-0.22435714299999998,0.1610571569999999,0.040871429,0.0035857140000000037,8.228219748585541
192840,165855,0.188333333,0.36944444400000004,-0.131444444,-38.99188889999999,1.0,-9.0,-0.002733332999999949,0.000285522,-0.022388888999999967,0.10200000000000001,13.202121814662776
196544,260038,-0.04885714299999999,0.012238096000000032,0.023952381000000023,28.573380969999974,0.0,0.0,0.02485714299999997,0.00016958299999999998,-0.12542381000000005,0.03202381000000001,3.229232362018888
198426,767016,0.037076922999999984,-0.06099999999999994,0.00846153799999999,8.711820500000002,-1.0,1.0,0.013996461999999987,-0.12840468000000002,-0.014815385000000014,-0.14616153799999998,4.824976146922584
199089,520545,-0.20700000000000007,0.2560000000000001,-0.031000000000000028,9.229,0.0,0.0,-0.00026000000000000003,-0.0377,0.14900000000000002,0.0487,14.741070018683414
201958,577235,0.17999999999999994,-0.017000000000000015,0.6806,-46.937333300000006,1.0,-11.0,0.330776333,0.16412333300000004,0.21153333300000002,-0.15153333300000002,20.170569839887516
204847,139089,-0.0724999999999999,0.613,0.14700000000000008,-5.8245000000000005,0.0,3.0,-0.488,0.00010925,-0.4155,-0.04745,10.826158593970613
204968,805930,0.129222222,-0.05438194499999999,0.186516666,2.0774443999999903,0.0,5.0,-0.04234722199999996,0.020599917000000023,-0.05226944399999997,0.014861110999999996,2.7628143818682296
212006,936206,-0.11996969700000004,-0.20806060599999987,-0.06593939400000004,4.883272699999992,0.0,-2.0,0.24444090900000004,-1.91e-05,-0.05678181800000001,-0.027127273,5.452357670568887
216586,410219,0.09783333299999997,0.008791667000000114,-0.05704166700000002,26.214874999999992,0.0,6.0,-0.24012500000000003,-3.7399999999999998e-06,-0.005250000000000032,0.002495832999999996,3.502712139563103
217963,807489,0.060350000000000015,0.23690000000000005,0.33999999999999986,0.12530000000000996,0.0,6.0,-0.055950000000000055,0.07097682700000002,-0.16541999999999998,-0.141575,4.680573027554551
219287,246885,-0.10761538500000006,0.37556307699999997,0.09160769199999996,10.41834614999999,0.0,-10.0,-0.23653846200000006,-0.023177015,0.164392308,-0.0573,6.03539751921212
220024,660507,-0.19999999999999996,0.34699999999999986,0.316,4.4879999999999995,-1.0,1.0,-0.0021650000000000003,0.626,-0.002999999999999989,-0.2178,19.06099807159284
221426,796045,-0.009000000000000119,0.265,0.05249999999999999,52.18000000000001,1.0,6.0,0.014339,-0.0377,0.057800000000000004,0.1507,8.1039417249359
222748,671953,0.18225000000000002,-0.20099999999999996,0.30035,-9.561833300000004,0.0,-4.0,0.117101333,-0.016848866999999997,0.0011333330000000141,-0.15630833300000002,9.466183556269499
223683,477523,0.27606666699999993,0.580105641,0.40475589700000003,33.74337949999999,0.0,2.0,-0.511443487,-0.116383864,-0.049233845999999984,0.01669384599999999,21.119887110052083
225944,477523,0.138,-0.1180000000000001,-0.03799999999999992,0.03599999999997294,0.0,-2.0,0.48091999999999996,-0.0138,0.132,0.20020000000000002,20.70875722061065
227708,31263,-0.07075000000000004,0.08975,-0.12764999999999999,0.6825000000000045,0.0,-7.0,-0.287775,0.000311288,0.33290000000000003,-0.016149999999999998,4.527811255590154
230886,952794,0.26494642900000004,-0.009283036000000022,0.518650893,-26.256624999999985,-1.0,1.0,0.2153928570000001,-0.294199077,-0.204794643,0.024016071,15.09394120079654
231013,669511,0.19566666699999996,-0.4239473679999999,-0.39577193,26.510035099999996,0.0,-3.0,0.633376316,0.00013190099999999997,-0.11963157899999996,0.004792982000000001,4.779195617137782
240267,471156,0.042846154000000025,-0.17628205200000002,-0.270846154,25.217307699999978,0.0,-5.0,-0.320353846,-0.009631198,-0.11815640999999999,-0.0033641020000000008,5.079320661402533
244073,178906,-0.08500000000000002,-0.015000000000000013,0.07960000000000003,-19.582333300000002,1.0,-11.0,-0.005153667,-0.013146666999999997,0.26253333300000004,-0.12753333300000003,7.198000704643775
245292,342833,-0.016000000000000014,0.48,-0.380166667,-29.456333299999983,0.0,1.0,-0.09099999999999997,-0.043716167,0.34846666699999995,0.899883333,42.06301215161101
246628,238115,0.16588571400000002,-0.010714286000000017,-0.04874285700000003,-41.6315429,0.0,-8.0,-0.39031428600000007,0.0027354460000000003,-0.07096857100000001,0.007614285999999998,8.426178406610507
249420,813092,0.01100000000000001,0.041166667000000046,-0.068833333,-4.323999999999998,0.0,-5.0,0.2741666669999999,-0.047379667,-0.187316667,-0.0008499999999999966,10.398872830429474
252513,24944,-0.059277778,-0.2322777769999999,-0.637388889,-26.72522219999999,0.0,-7.0,0.11249444400000003,-0.024171698,-0.120611111,-0.011194444000000001,8.330637032196567
253296,796741,-0.07233333399999997,0.15599999999999997,0.30599999999999994,21.623666699999987,0.0,4.0,0.29133333400000005,-0.000119877,0.12730000000000002,0.004566667000000003,8.56868125032678
253397,781094,-0.09700000000000009,-0.5693333330000001,-0.307333333,-57.768000000000015,0.0,0.0,0.6579200000000001,-0.013799523,-0.043266666999999995,-0.0295,12.40220585748773
253861,754032,-0.04194444500000005,-0.19894444399999994,-0.311288889,-18.510555499999995,-1.0,-6.0,0.12082777800000005,-0.015905031,-0.16254444499999998,-0.0016611110000000068,9.142431430916801
253914,636106,-0.006727272999999978,-0.275454545,-0.4254545449999999,51.3620909,0.0,9.0,-0.09303636399999998,0.0013702179999999999,-0.0013818180000000346,0.004372727,14.548561820311047
256528,160690,0.17050549399999992,-0.0129999999999999,0.3168901089999999,-18.17313191000001,-1.0,2.0,-0.202640681,-0.127879609,-0.026558241999999996,-0.024232966999999994,12.767470709047949
256557,84053,0.10399999999999998,-0.1309999999999999,0.5926,12.5816667,0.0,-2.0,-0.005213667,-0.008566666999999998,0.206533333,-0.143833333,10.105063767925394
257364,119651,0.20959999999999995,0.09049999999999997,-0.3271,-41.87389999999999,0.0,-3.0,-0.716605,-4.6799999999999996e-07,0.029659999999999992,0.024550000000000002,12.768952868937532
258514,165162,-0.33849999999999997,0.6955,0.16950000000000004,40.739000000000004,0.0,6.0,-0.8376705,0.68,-0.23349999999999999,-0.02754999999999999,21.443700600594532
259529,79016,0.07031707300000001,0.24503658499999997,0.25345528500000003,25.798723600000002,0.0,-10.0,-0.037918699,0.10843229300000001,0.023591056999999985,0.014964227999999996,11.071287127245574
261087,626463,-0.126,0.052999999999999936,0.1866,26.731666700000005,1.0,-9.0,-0.0055236669999999995,-0.013476666999999998,0.26953333300000004,-0.08333333300000002,6.683916331334403
264617,757157,-0.232666667,0.439333333,0.24599999999999994,22.429666700000013,0.0,6.0,-0.5866,0.0003495,-0.40969999999999995,-0.04819999999999999,7.798297424849091
266503,42993,-0.03933333299999997,0.05733333300000004,0.43800000000000006,66.15133329999998,-1.0,2.0,-0.0073333329999999974,0.0,0.10566666700000002,-0.014666667000000008,34.48412088082432
269172,81083,-0.014488345000000069,0.12372261099999998,0.13362820499999994,-0.5271749000000057,0.0,7.0,-0.1912412590000001,0.05382610000000001,0.06806083999999998,-0.005255594999999995,3.0080253000210786
272567,532957,0.13489361700000002,0.45947446799999997,0.3982553190000001,22.84426950000001,0.0,-5.0,-0.3597021279999999,-0.45080397899999997,0.175695035,0.11948439699999999,3.387257256567216
279395,500298,-0.16833333299999986,0.012349999999999972,-0.20829999999999993,-44.43923333000001,1.0,7.0,0.42586133299999995,-0.000131005,-0.006198333,0.07223500000000002,9.243951887880728
281953,101795,-0.03049999999999997,0.038000000000000034,-0.03600000000000003,0.9499999999999886,0.0,7.0,0.05799999999999994,-0.41675,0.017400000000000013,0.0006500000000000013,13.01694761681601
282752,136871,0.2220000000000001,0.10100000000000003,-0.15749999999999997,-29.837500000000006,1.0,-4.0,-0.11049999999999999,6.0945e-05,-0.23559999999999998,0.007349999999999999,3.279241881782892
282912,626268,-0.39141525400000005,-0.5661381360000001,-0.27529999999999993,-28.496533900000017,-1.0,3.0,0.7705065339999999,0.495905968,-0.03246228800000002,-0.0009754240000000025,19.546596958008433
283015,767016,0.08207692299999991,-0.27299999999999996,-0.19653846200000002,-2.7568462000000125,-1.0,-4.0,0.013996461999999987,-0.12774918000000002,-0.095115385,-0.149261538,15.522319700472991
290040,82584,0.013833332999999948,0.021883333000000005,-0.09650000000000003,-10.615333329999999,0.0,7.0,0.7758333329999999,0.000272833,-0.055666667,0.028666667000000007,10.46591072969775
295285,840000,-0.184913333,-0.721353333,-0.12183333299999999,-31.489333300000013,1.0,-2.0,0.744709666,0.518403333,0.010400000000000006,-0.14998000000000003,6.280434966088092
295933,273531,-0.36961111099999994,-0.014811110999999988,-0.189944444,-17.768777779999994,0.0,0.0,0.08877777799999997,0.004513418,-0.43622222199999994,-0.055538889,17.963995734368584
302026,925837,-0.11649999999999999,0.09099999999999997,-0.03,19.224666699999972,0.0,0.0,-0.007200766999999999,0.36482333299999997,0.366533333,-0.09713333300000002,19.131417531445916
302774,574597,-0.21899999999999997,0.246,0.278,6.163000000000011,0.0,-6.0,-0.002243,0.142,0.03800000000000002,-0.22820000000000001,7.426323588505699
302955,745584,-0.027499999999999858,-0.021150000000000002,-0.0018000000000000238,-53.63590000000001,1.0,8.0,0.142528,-0.000140375,-0.024615000000000012,0.126035,18.395599661109678
303422,615026,-0.014015254000000033,-0.023088136000000037,0.015100000000000002,-17.8975339,0.0,7.0,0.026826533999999957,0.034753208,-0.07792228800000002,-0.0024354240000000055,13.054485538910109
305541,29609,-0.310637316,0.09669852899999998,-0.13663511000000003,-31.726735299999987,0.0,-5.0,0.030330882000000003,0.06934742599999999,0.05186323500000001,-0.0005829040000000021,3.5699280506225635
306851,134729,0.155891667,0.6418333329999999,0.483175,-5.748500000000007,0.0,3.0,-0.9429636670000001,-0.6279944000000001,0.011700000000000002,0.016016667000000005,5.566297896652459
307083,540883,0.17300000000000004,-0.36,0.35660000000000003,-19.945333300000016,1.0,-4.0,-0.0032636669999999996,-0.016873406999999997,0.203533333,-0.16033333300000002,14.093387012312034
308013,758453,-0.20700000000000007,-0.427,-0.45399999999999996,-4.994,1.0,6.0,0.7483390000000001,-0.029699999999999997,0.06999999999999999,-0.005799999999999996,15.852486138652974
309839,200775,0.07033333300000011,0.09533333299999996,0.22699999999999998,-9.605000000000004,0.0,-6.0,0.6006666669999999,-6.107700000000003e-05,0.13196666699999998,0.0114,5.030529147356633
312464,804476,0.11000000000000001,0.055499999999999994,0.14554999999999996,-49.334500000000006,0.0,-5.0,0.18020500000000006,-0.8595,-0.048299999999999996,-0.016500000000000004,17.57113700270447
314155,314113,0.1975,0.36716666700000006,0.443666667,39.76166667,0.0,2.0,-0.357,0.0038748750000000003,0.22063333299999993,0.031116667000000008,20.012137797399124
314923,586798,0.05466666599999992,0.2154999999999999,0.241202564,22.396192299999996,0.0,-6.0,-0.126386564,0.648164666,-0.051407692000000005,-0.04559359000000002,12.12741531545393
315104,296024,0.1325,-0.12824999999999998,-0.08337499999999998,12.552249999999987,0.0,-2.0,0.4791,-1.9100000000000003e-05,-0.10956249999999998,0.01405,8.56443955730838
315142,206241,0.045999999999999985,0.052999999999999936,0.4716,30.963666700000005,1.0,-2.0,0.018376333,-0.016876666999999998,0.448533333,-0.06833333300000002,21.260799829997328
317571,610706,-0.09833333299999991,0.313666667,-0.021333332999999954,46.61333330000002,0.0,6.0,-0.40249999999999997,0.0,-0.4627,-0.059399999999999994,6.35497154164371
320470,578999,0.01759999999999995,0.26580000000000004,0.5694,75.1354,0.0,5.0,-0.0155,0.2848272,-0.4576,0.03459999999999999,20.352763914329557
327130,227527,-0.08722222300000004,0.020000000000000018,0.18566666599999992,44.5572222,0.0,8.0,-0.24244444400000004,0.5286554680000001,-0.08031111100000005,-0.007844444999999999,2.4525074679714827
328956,543055,0.385,-0.17400000000000004,0.4736,-29.909333300000014,1.0,-6.0,0.180776333,0.127123333,0.137533333,-0.15093333300000003,7.184958424905574
329542,162197,0.06049999999999989,-0.038999999999999924,0.07950000000000002,28.002750000000006,1.0,1.0,0.235089,-0.037688,0.0018249999999999933,0.010225000000000005,5.776850324369103
329978,96977,-0.14200000000000007,0.28500000000000003,-0.31899999999999995,15.037000000000006,0.0,-1.0,-0.00031800000000000003,-0.03521,0.30300000000000005,0.059000000000000004,12.82218493460479
330061,925837,0.10433333299999997,0.076333333,0.12960000000000005,-17.37000000000002,1.0,-10.0,0.22814046600000001,0.11178999999999999,0.30253333299999996,0.15366666699999995,28.395230133487445
332536,273105,-0.122,0.06161904699999998,-0.046523810000000054,-21.41495237000001,0.0,5.0,0.17517618999999995,0.47931811,-0.0059095239999999855,5.238100000000412e-05,7.225514336029732
333903,856451,0.39049999999999996,-0.3255,0.6571,-3.0943333000000166,1.0,-4.0,0.13177633300000002,0.177623333,-0.01886666699999999,-0.144033333,5.7999334753837495
346637,261332,0.05452000000000001,0.359352,0.2754,18.93603999999999,0.0,-2.0,-0.16971999999999998,-0.307750108,0.027968000000000007,0.031508,9.700322248469348
352164,119111,0.10499365100000002,-0.008034920999999973,0.1627404759999999,14.017096800000004,0.0,7.0,0.07702854000000003,0.274594096,-0.05919158699999999,0.017840634999999994,11.867396841479739
352575,649435,-0.010923077000000059,-0.236,0.00846153799999999,7.077153799999991,-1.0,5.0,-0.209603538,-0.12841018,-0.124215385,-0.14666153799999998,12.704536208951424
353145,577531,-0.07284999999999997,-0.221315,-0.16245000000000004,-6.867049999999992,0.0,4.0,0.05579999999999996,9.526700000000001e-05,0.010149999999999992,-0.213475,2.877102361690705
354609,128440,0.2889999999999999,-0.11250000000000004,0.5176000000000001,-17.397833300000002,1.0,-4.0,0.044151333,0.405670233,-0.04141666699999999,-0.12728333300000003,5.598614532214954
354883,792530,-0.045499999999999985,0.381,0.12600000000000006,34.42099999999999,0.0,5.0,-0.49265,0.06200505,-0.45399999999999996,-0.025749999999999995,7.789575458260811
355142,130932,-0.11382906000000004,0.12994658199999998,-0.33062542699999997,13.284905999999978,0.0,-6.0,-0.16205380599999997,0.08295376500000001,-0.123872009,0.024341453,9.87061983261871
356422,3595,-0.4489999999999999,-0.138,-0.558,-18.136999999999986,0.0,-1.0,0.591,5.25e-06,0.031,0.00010000000000000286,5.914766360538581
359179,147635,0.13913333299999997,-0.07766666700000002,-0.3689333329999999,-19.595,1.0,-9.0,0.14880000000000004,0.00031113099999999997,-0.37478666699999996,0.0023,1.8098562940471186
359559,21334,0.205625,-0.09524999999999995,-0.12249999999999994,-1.4761249999999961,0.0,-3.0,0.246478375,-0.198430212,-0.01761249999999999,-0.02035,2.1472902888177963
360948,259270,0.10609016400000004,-0.03823770500000001,0.22832786900000002,-27.35484430000001,1.0,-8.0,-0.06764098399999999,-4.98e-05,-0.07460082000000001,-0.06024918,12.19830198226577
360956,39656,0.06854480299999999,-0.250242294,-0.06357473200000002,-7.2200986,0.0,8.0,0.14320788500000003,0.162039702,-0.08059766999999997,0.038100358999999986,11.302699807993491
367156,755494,0.05199999999999999,-0.686,0.40560000000000007,29.40266669999997,1.0,-9.0,0.9007763329999999,-0.016876666999999998,-0.018466666999999992,-0.13973333300000002,19.73298532912791
367417,17748,0.007333333000000053,-0.12233333299999993,-0.3906666670000001,5.482333299999979,0.0,5.0,-0.12469999999999999,-0.26844999999999997,-0.02176666699999999,-0.039599999999999996,9.461989153394907
391285,754032,0.09849999999999998,-0.020999999999999963,0.020499999999999963,-31.158500000000018,0.0,-3.0,0.12949999999999995,-0.0049700000000000005,0.05150000000000002,-0.009650000000000002,10.384442476119068
395633,29884,-0.02699999999999997,-0.264,0.21860000000000002,-25.95033330000001,1.0,-2.0,0.008776333,-0.016865367,0.200533333,-0.15983333300000002,7.043134111189007
396372,81796,-0.02347474799999999,0.10241010100000003,0.07195606000000004,5.660595900000004,0.0,5.0,-0.22804646500000003,-0.205937504,0.01921464700000003,0.006655050999999995,2.9795000516307732
397156,227527,0.19936363599999984,-0.09872727299999995,0.311727273,-28.060727299999996,-1.0,-4.0,-0.18555909100000004,-1.91e-05,-0.168181818,0.030072727000000007,20.156974290326794
398892,392299,0.038000000000000034,-0.8527,0.15560000000000002,-7.021333300000009,1.0,-1.0,0.9087763329999999,-0.016870747,-0.01566666699999998,-0.14753333300000002,13.548002011615345
398909,18977,-0.1518333329999999,-0.1519999999999999,-0.42600000000000005,-11.361666670000005,1.0,0.0,0.08499999999999996,-0.248043167,-0.023466666999999997,0.008216667000000004,10.827759749010099
399361,744969,0.06700000000000006,0.709666667,0.23833333299999998,32.197,0.0,1.0,-0.5609999999999999,0.46993999999999997,-0.3749666669999999,-0.046533332999999996,15.029210920105658
399437,135273,-0.09166666700000003,-0.09099999999999997,-0.07600000000000007,-3.0185556000000133,0.0,5.0,-0.015044443999999962,-0.265002111,0.19544444400000005,-0.038433333,1.4666955432064728
403120,898336,0.42677777799999994,-0.24311111099999996,0.348,-37.18522220000001,1.0,3.0,0.747333333,-0.054837996000000014,-0.18769999999999998,0.028411111,3.6427279792920793
405113,950571,-0.16837777799999998,-0.13559777799999997,-0.250583334,-26.569388899999993,0.0,7.0,0.059044443999999974,0.34213999999999994,0.0032255560000000183,-0.007402222000000007,8.111651053572812
407101,147635,0.1632,-0.08560000000000001,-0.14439999999999997,-59.352199999999996,0.0,-2.0,0.27260000000000006,0.0015155,-0.37327999999999995,0.0028199999999999996,16.633056065734145
408531,950571,-0.03209999999999996,0.3868,0.0655,14.868200000000002,-1.0,-5.0,-0.40452999999999995,0.0011203120000000677,0.7057,0.15458,36.274675363150806
409985,838300,0.18799999999999994,-0.15100000000000002,0.6629999999999999,-42.245999999999995,0.0,-10.0,0.35100000000000003,0.024,0.1074,-0.0179,3.263522827665245
411487,71970,0.2895,0.3649,0.1555,-0.6899999999999977,1.0,-2.0,-0.5575,-0.38384999999999997,0.1285,0.0797,9.269895206381113
412715,617568,-0.08628654899999999,-0.1975497069999999,-0.14400000000000013,-11.288970700000007,0.0,0.0,-0.04779532199999992,0.088712917,-0.012145030000000001,0.0025280700000000003,1.4308114143245452
413405,179698,-0.15049999999999997,0.243,0.04999999999999993,21.433999999999997,1.0,-1.0,0.007999999999999952,0.28725000000000006,0.011399999999999993,0.011950000000000002,13.74317817584963
423467,7689,0.12507692299999995,-0.21299999999999997,0.23446153800000002,-19.83284620000002,0.0,-4.0,-0.025003537999999992,-0.12840261,-0.024015385,-0.146961538,13.436302209414752
424117,201760,-0.18022727299999997,-0.030636363999999916,-0.10409090899999995,17.18718179999999,0.0,0.0,0.046509091,-0.20729545500000002,0.07886363600000001,0.004759091,8.507217350436331
428725,669303,0.008000000000000007,0.7450000000000001,0.172,33.525000000000006,-1.0,6.0,-0.83472,0.308,-0.17399999999999993,-0.050699999999999995,19.03435233124016
448152,485135,0.08700000000000008,0.685,0.462,-0.4819999999999993,0.0,8.0,-0.7990999999999999,1.77e-05,-0.565,0.057300000000000004,10.647625663807002
448207,508443,0.051000000000000156,0.21899999999999997,-0.318,3.2849999999999966,0.0,4.0,-0.21099999999999997,0.42100000000000004,-0.5002,-0.0639,21.399735350219707
450700,29884,-0.168277778,0.3030555560000001,-0.34138888900000003,14.533777799999996,0.0,-6.0,-0.268088889,0.14382830200000002,-0.025277777999999973,0.043438889,12.358222248671487
450786,74853,0.06400000000000006,0.1499999999999999,0.22300000000000003,-13.87100000000001,-1.0,-5.0,0.15251,0.0,0.048,-0.0010000000000000009,30.190953382294047
453009,780581,-0.07299999999999995,0.638,0.25499999999999995,-7.962999999999994,0.0,-1.0,-0.8366199999999999,2.7600000000000003e-05,-0.31799999999999995,-0.053099999999999994,4.002754532226414
463663,607283,-0.18699999999999994,0.10799999999999998,0.6100000000000001,-34.864000000000004,0.0,-3.0,0.01711,0.47600000000000003,-0.03409999999999999,-0.20350000000000001,22.50144434986853
479204,816701,0.06033333299999999,-0.32683333299999995,0.10883333299999998,12.515833299999983,-1.0,3.0,-0.10434999999999998,-0.19649999999999998,-0.02706666699999999,-0.0528,14.776573743178043
480984,808944,-0.19150000000000006,0.26550000000000007,-0.13249999999999995,49.914500000000004,1.0,3.0,0.00024149999999999996,-0.014297684999999997,0.366,0.0536,10.45401247725921
483848,418740,0.012500000000000067,0.37000000000000005,-0.06324999999999992,4.3729999999999905,1.0,-7.0,-0.34074499999999996,0.00030112,-0.308,0.020099999999999996,8.86706913058072
485118,351733,-0.010000000000000009,0.09466666700000004,-0.08099999999999996,20.090666700000014,0.0,-3.0,0.017555667,-0.03176,-0.024833333000000013,0.0806,16.585846608042377
486115,754032,-0.117277778,-0.0879444439999999,-0.30038888900000005,-13.416222199999993,0.0,-5.0,0.309161111,-0.024171698,-0.181277778,-0.004261111000000005,5.222110776516365
490805,198783,0.08412222199999997,0.11745555600000002,0.030811111000000002,-0.5190222000000091,0.0,-6.0,0.302961111,-0.024170577999999998,-0.153897778,0.027738888999999996,5.074572413127832
492670,744548,0.28500000000000003,0.174,0.244833333,8.533666700000026,0.0,-2.0,-0.681,-0.043716167,-0.091533333,0.04518333299999999,59.69077546857814
499780,797056,-0.284409836,-0.420737705,-0.2396721309999999,-46.397344300000015,1.0,-1.0,0.6253590160000001,-4.8009999999999996e-05,-0.07325082000000001,-0.07124918,10.19228170618795
501537,105129,-0.18616666700000012,0.18283333300000004,-0.14433333299999995,46.6981667,1.0,2.0,0.0796055,-0.03769727,0.136233333,0.0367,7.561935119591539
502774,109274,-0.043149999999999966,0.45065000000000005,0.31699999999999995,50.909549999999996,0.0,2.0,-0.50195,0.019870226999999997,-0.21619499999999997,-0.135325,14.365523721827465
502806,75825,0.048666667,0.19733333299999994,0.30899999999999994,25.01133329999999,0.0,7.0,0.07966666699999997,0.0,0.046666666999999995,-0.0054666670000000014,9.457800763783123
502978,257141,0.12,0.15700000000000003,0.21900000000000008,16.303999999999988,1.0,6.0,0.0036289999999999994,-0.03607,0.17099999999999999,0.07239999999999999,5.11851795096079
503668,894335,0.001974359000000092,0.10976410200000003,0.23289230799999994,-16.130528200000015,0.0,3.0,0.341965129,0.000838966,0.19435743599999997,-0.009506667000000003,7.396877798044933
515600,927555,0.09355555599999998,0.207222222,0.322111111,-11.89022229999999,-1.0,-4.0,-0.1726,0.086182066,0.029966667000000002,0.013077776999999999,12.002998374952316
515790,245760,-0.1630999999999999,0.0026000000000000467,-0.00539999999999996,1.439799999999991,1.0,0.0,-0.052240000000000036,-0.06605,0.062079999999999996,0.009570000000000002,8.061832520234415
523661,549797,-0.07971428599999997,0.08000000000000002,0.0669523809999999,11.568142899999998,0.0,-2.0,0.286666667,-0.00017502700000000002,0.06287619099999998,0.00032857100000000666,1.2568277259595162
524634,92942,-0.049000000000000044,0.30999999999999983,0.6990000000000001,4.100999999999999,-1.0,0.0,0.009410000000000002,0.389,-0.026300000000000004,-0.2167,11.765283844128117
543169,413524,0.09383333299999991,-0.2850833329999999,-0.5897249999999999,18.98899999999999,0.0,4.0,0.20438541699999999,0.15785453300000002,-0.09995833299999998,0.004624999999999997,10.84897269194303
546735,29884,0.10300793600000002,0.005626985000000029,-0.04081745999999997,7.983634899999998,0.0,-4.0,0.21030396800000006,-0.024143598,-0.178249207,-0.003332540000000002,8.131554346242
550940,21578,-0.39000000000000007,0.16300000000000014,-0.43299999999999994,58.774,0.0,1.0,0.018039000000000003,0.8432999999999999,0.174,0.03940000000000001,19.97405509216247
556292,167320,-0.07100000000000006,0.28500000000000003,-0.373,18.007000000000005,1.0,4.0,-0.0006364000000000001,-0.0377,-0.006000000000000005,0.067,6.80876200710324
569064,830538,0.11133333299999992,-0.40033333299999996,0.11933333299999993,22.99233329999997,0.0,7.0,-0.143,-0.282846,-0.012666666999999993,-0.0633,18.079803768526695
578028,137580,0.27059999999999995,-0.20220000000000005,0.7708,-3.089733300000006,1.0,-7.0,0.44077633299999996,-0.016798767,0.06453333300000003,-0.13841333300000003,11.00736693612513
580485,414251,-0.027274508999999947,0.155039215,0.11435294100000004,-2.998901999999987,-1.0,7.0,0.10203372599999999,0.143737876,0.21202549099999998,0.035333333,12.837313323963404
583843,107139,0.21699999999999997,-0.19799999999999995,0.6236,-0.427333300000015,0.0,-1.0,0.050576333,-0.012096666999999998,-0.03336666699999999,-0.06033333300000002,10.111519287158725
585210,44764,0.33799999999999997,-0.17933333299999998,0.5762666670000001,-28.726000000000028,1.0,0.0,0.143643,-0.016872637,-0.058866666999999984,-0.09956666600000003,11.630189791432883
589802,73383,0.07793333299999994,-0.16353333299999995,-0.0698666670000001,-10.429666700000013,0.0,9.0,-0.11045999999999999,-0.21082656,0.08361333300000001,-0.06358,6.107300522305396
591459,6232,-0.16700000000000004,0.241222222,0.18003333299999996,4.3629444000000035,-1.0,-8.0,0.0443505,0.171411815,0.02037222200000001,-0.189388889,15.410391137568244
593129,809396,-0.07299999999999995,0.14233333400000003,0.192333333,90.93699999999998,0.0,6.0,-0.1090000000000001,8.789999999999999e-06,0.06566666700000001,0.169266666,17.782575432165736
600386,918600,-0.07777499999999998,0.31250000000000006,0.42517499999999997,75.5855,0.0,6.0,-0.8180000000000001,-0.7885800000000001,0.010899999999999993,0.032650000000000005,31.017256475341398
603980,744548,-0.23299999999999998,-0.14100000000000001,-0.3448333330000001,-1.9926667000000151,0.0,-3.0,0.591,0.043716167,0.10253333299999999,0.009516667000000006,33.492951957089225
604090,869417,-0.04242857099999986,0.15399999999999991,0.35571428600000005,-20.6917143,-1.0,0.0,0.033847142999999996,0.393046,0.0838,-0.17788571400000003,4.290446883464541
604924,238115,0.08366666700000003,0.2453333330000001,0.394,-3.8969999999999914,0.0,3.0,-0.018233333000000018,3.06e-06,0.1084,0.04033333299999999,4.599727028259014
607105,197424,-0.04913461499999994,-0.5220192309999999,-0.35919230799999996,8.129692300000002,0.0,-2.0,0.5247076919999999,-0.049481423,0.043013462,-0.013432691999999996,2.633072380589231
612095,349157,0.0129999999999999,0.019000000000000017,0.1190000000000001,54.116000000000014,1.0,-2.0,0.008759,0.00010000000000000286,0.286,0.06740000000000002,10.788130398386224
615026,132940,0.0002163009999999188,0.12120031299999995,-0.2049028209999999,25.199733499999994,0.0,-4.0,0.38686833900000006,0.17089486399999998,-0.20228307199999998,0.13273542300000002,1.743402845486212
616979,135273,-0.12266666700000006,-0.30799999999999994,-0.1726666670000001,37.217999999999975,0.0,4.0,0.25776666700000006,-0.28195299999999995,0.26746666599999996,-0.017833333000000007,5.94456851061814
620759,174822,0.204722222,-0.09694444399999991,0.006611110999999892,-8.803222200000008,0.0,-3.0,-0.053838888999999945,0.405828302,-0.168277778,-0.009461111000000005,8.129141761769333
623985,192382,-0.12361111099999994,0.007055555999999963,-0.28155555600000004,6.515277799999993,0.0,-3.0,-0.263312722,0.147133469,-0.183127778,0.052272222,3.7270185482315203
626115,31263,-0.21500000000000002,0.183,-0.5449999999999999,-13.045000000000002,0.0,-9.0,-0.276,-1.81e-06,0.599,-0.0008000000000000021,31.15022678093681
627250,758194,-0.18633840700000004,-0.38202341900000003,-0.06710070199999996,-14.5938443,1.0,-1.0,0.5886447300000001,0.15983175900000002,0.020792036999999985,-0.072906323,3.5377303277022656
628571,311680,-0.10812977600000007,-0.13098748400000004,-0.2639598150000001,-0.4399835999999908,1.0,-2.0,-0.15053812199999994,0.000215748,-0.06516653500000003,-0.021269301999999997,8.632621616743476
632986,956973,0.15449999999999997,-0.10849999999999993,-0.0050000000000000044,9.977000000000004,1.0,2.0,0.363289,-0.0377,-0.035100000000000006,-0.001749999999999998,4.746334500227849
633044,555695,0.055214286,0.45289285700000004,0.12660714299999998,-5.426178599999986,-1.0,-1.0,-0.09485714300000003,0.340757318,0.052746428999999984,-0.026057142999999998,12.600909678277477
633080,748222,0.271285714,-0.22442857100000002,0.5504571429999999,-17.11476189999999,0.0,-11.0,0.047763476,0.039893002000000004,0.09411904700000001,-0.14181904700000003,16.4501223808764
634674,825032,0.10512500000000002,0.17549000000000003,0.21930000000000005,16.067475,0.0,-5.0,-0.063975,-0.25261884999999995,0.083825,0.018720000000000007,2.0926887330706876
641111,137494,0.01100000000000001,-0.22399999999999987,-0.09899999999999998,7.746000000000009,0.0,-2.0,0.01200000000000001,0.005055,0.09699999999999998,-0.016600000000000004,5.824972185274804
650525,796741,-0.05803076900000004,-0.06070769199999998,-0.22833846200000008,-28.137738499999998,0.0,-1.0,-0.0041230770000000305,-0.000622499,-0.00502461500000001,-0.009009230999999993,7.804159306064958
651796,684920,-0.25220983599999997,-0.366261705,-0.4042721309999999,-1.5055442999999968,0.0,-6.0,0.6165590160000001,0.6239502,-0.036850820000000006,-0.07334918,19.317296502225744
661974,16759,0.03345299099999999,0.0008299139999999872,0.08360640999999996,4.23522650000001,-1.0,5.0,-0.07404273499999992,-0.225375741,-0.003194443999999963,-0.00013760700000000486,10.304668667392617
662149,542549,-0.17179999999999995,-0.33956,-0.27470000000000006,4.6044000000000125,0.0,-3.0,0.68675,0.2645235,0.02312,0.012209999999999999,3.834812815403401
664618,1312035,0.08259016399999997,-0.10353770500000004,0.016927869000000095,-35.296744300000015,0.0,-5.0,0.127759016,0.00022300000000000003,-0.06569082,0.05927082,14.64551721585876
668448,46861,-0.079904545,0.054763636000000004,0.005150000000000043,3.9040363999999954,0.0,-9.0,0.33141363599999996,0.122370786,-0.06613999999999998,-0.036719090999999995,8.238865142494857
670641,162677,0.12031707299999994,0.25032439,0.092585366,11.911292700000018,0.0,-2.0,-0.2847560979999999,-0.282065707,0.005499999999999991,0.011641462999999998,3.7656545903359393
672411,38490,0.189333333,-0.361,0.503266667,-48.061666630000005,1.0,-4.0,0.302609666,-0.011841827,0.11660000000000001,-0.16363333300000002,8.3527697434554
672918,197424,0.014590164000000017,-0.274237705,0.11632786900000003,-31.538844300000008,1.0,-3.0,0.359359016,-4.98e-05,-0.08715082,-0.07724918,7.752077956241276
674310,805930,0.12650222200000005,-0.04887377799999998,0.11792333299999996,5.8910111,0.0,0.0,0.03323111100000009,0.07290287300000003,-0.06575044399999996,0.005645777999999997,4.213159532219116
681956,820434,0.0799102559999999,-0.15594444399999996,0.03783375999999994,-6.6606239999999985,0.0,3.0,-0.08733687100000001,-0.12830365900000001,0.030234614999999992,-0.113478205,4.518435064988415
683065,848784,-0.30899999999999994,0.21133333299999996,0.125,19.21766670000001,0.0,-1.0,0.46866666700000004,0.00014194299999999998,0.02376666699999999,0.007033333000000003,14.328393988397835
691616,737886,-0.02300000000000013,-0.08349999999999991,-0.14100000000000001,4.0745000000000005,1.0,3.0,0.229759,-0.0377,0.0155,-0.0020999999999999977,3.9156718486489757
695943,187907,-0.01047651500000002,0.08827121199999999,-0.10354242400000013,-22.345887900000008,1.0,-10.0,-0.316121318,0.014060157,-0.037979470000000015,0.027889393999999998,8.617547755070152
740569,337119,0.17800000000000005,0.36599999999999994,0.05300000000000005,-41.574,0.0,-9.0,-0.28859999999999997,0.1612097,-0.4065,0.005500000000000001,18.719863667792048
741671,4852,-0.10686580099999998,-0.169521645,-0.2333852810000001,-9.204144999999997,1.0,-11.0,-0.06811753199999993,3.421e-06,-0.031518399,-0.018753463000000005,11.14330602987658
741692,660507,0.3637500000000001,-0.3475,0.13100000000000012,1.8425000000000011,-1.0,-11.0,-0.0029341249999999992,0.5364,-0.09025,-0.0015500000000000028,22.357936608353896
744075,6613,-0.33041525400000005,-0.35808813600000006,-0.2345,61.04446610000001,0.0,9.0,0.580506534,0.636405968,-0.008962288000000013,-0.008175424,12.803735992662293
746128,193320,-0.27399999999999997,0.40375000000000005,-0.14550000000000002,47.17400000000001,0.0,0.0,-0.82379425,0.26055,-0.496175,-0.06025,8.174725795215497
746182,754032,-0.008000000000000007,-0.0050000000000000044,0.49060000000000004,-10.150333300000014,0.0,-7.0,-0.003393667,-0.016862367,-0.01546666699999999,-0.15233333300000002,15.392037853268452
752150,639005,-0.13900000000000007,-0.29900000000000015,-0.15100000000000002,-60.000000000000014,1.0,1.0,0.7449704,-0.53,0.6719999999999999,0.5964,19.49250470268249
752613,636433,0.17099999999999993,-0.03199999999999992,0.2340000000000001,20.912000000000006,1.0,-1.0,0.36033899999999996,-0.0376107,-0.04340000000000001,-0.0002999999999999947,8.602942164057634
753094,898331,0.15388888899999997,-0.323672222,0.062000000000000055,15.581944400000012,0.0,7.0,-0.11961111099999999,-0.466147222,0.11392777800000001,0.16127222200000002,14.83190949131464
753254,330575,-0.11331944500000002,-0.20394444399999995,-0.45284722200000005,0.258652799999993,0.0,3.0,0.2897027780000001,0.105515794,-0.134448611,0.005163888999999998,9.2340139293193
753985,792507,0.12721428600000007,0.07995238100000002,0.39816666700000003,20.512595269999977,0.0,2.0,-0.38478571399999995,0.001502141,-0.08323809600000004,-0.000747618999999991,4.109541501544199
755030,489676,-0.026499999999999968,0.10300000000000004,-0.3495,-9.495000000000005,1.0,0.0,-0.006969999999999976,0.0018331999999999999,-0.40299999999999997,0.003550000000000001,11.539399398171975
758661,11028,0.23886111099999996,0.17411111099999999,0.3048555560000001,13.950555499999993,0.0,-8.0,0.06761111099999995,-0.420739679,0.187538889,0.04592777800000001,3.6170376762621945
759187,578999,0.08724358999999993,-0.0129999999999999,0.10079487099999995,-5.707179499999995,0.0,7.0,-0.250063705,-0.12840912000000002,-0.038348718000000004,-0.04497820499999999,11.028987662707237
761109,379125,-0.1419999999999999,0.5419999999999999,0.25700000000000006,32.468999999999994,0.0,8.0,-0.5549999999999999,0.0757,-0.479,-0.06939999999999999,8.800043845867377
762288,486305,-0.13872727299999993,-0.31618181799999995,-0.23181818199999993,-23.402272699999997,0.0,-11.0,-0.3078909089999999,-0.11333588,0.11564545500000001,0.008763635999999998,10.207999816857942
762496,83554,-0.11599999999999988,0.4750000000000001,0.5129999999999999,-10.352999999999994,-1.0,9.0,-0.8346899999999999,0.155,-0.49989999999999996,-0.0703,20.22766130402963
769616,608701,-0.08350000000000002,-0.2674999999999999,-0.32499999999999996,-16.48100000000001,0.0,4.0,-0.0014999999999999458,0.00059745,0.10450000000000001,0.0235,8.957094663844643
770628,858710,0.05803076900000004,0.06070769199999998,0.22833846200000008,28.137738499999998,0.0,1.0,0.0041230770000000305,0.000622499,0.00502461500000001,0.009009230999999993,1.5793017097063768
771838,816517,0.024076922999999972,-0.13274999999999998,-0.09128846200000001,17.7919038,-1.0,0.0,-0.013703538000000015,-0.12408543000000001,-0.054165384999999996,-0.144461538,11.268266791088283
774956,151469,0.07466666700000002,0.06933333299999994,0.29800000000000004,10.684333299999992,0.0,1.0,0.5126666670000001,0.0,0.16166666700000001,0.033833333,2.4872896681304715
775446,649950,-0.055333332999999874,0.441666667,0.30466666700000006,-6.480666670000005,0.0,0.0,-0.7,0.000118433,-0.41509999999999997,-0.066666667,8.893497315214386
776406,27916,0.051619046999999973,-0.09052380999999998,0.102369231,29.196454199999962,-1.0,-4.0,0.487160103,0.047918902,-0.028745787999999994,-0.06916263700000001,17.27888296022783
777366,680522,-0.151625,0.3563749999999999,0.585375,13.089499999999987,-1.0,-8.0,0.014808525,0.060157382,0.43318750000000006,-0.220725,33.560306369258186
778526,583618,-0.2909999999999999,0.355,0.12899999999999995,37.490999999999985,0.0,6.0,-0.8219,4.46e-06,-0.479,-0.03729999999999999,8.22968084373153
779599,186185,-0.022749999999999992,-0.42025,0.0766,-43.89333330000001,0.0,-6.0,0.6239013330000001,-0.014922488999999997,0.02535833300000001,-0.15370833300000003,12.771538345200028
781680,615026,-0.06330000000000002,-0.5404600000000002,-0.22424999999999995,-56.339100000000016,0.0,4.0,0.71877,-0.012590689,0.019015000000000004,-0.03707,8.280853118305531
784122,1055285,0.08599999999999997,0.09100000000000008,0.621,-9.320999999999998,-1.0,4.0,0.1154,0.0,-0.41,0.01899999999999999,22.1613924118331
784527,805930,0.081568376,-0.165459316,-0.036701282,-6.537619699999993,0.0,5.0,-0.07069658099999998,0.008844552000000006,-0.05426752099999996,0.011881623999999993,7.195753037681262
786080,208404,0.09022222200000007,0.23848888900000004,0.21434999999999998,-5.279055600000007,0.0,8.0,-0.11955555600000001,-0.468143833,-0.01936111099999996,0.015677777999999996,4.395590334722455
786360,142652,0.005375000000000019,-0.06262500000000004,0.18761250000000002,-14.722958300000002,1.0,-7.0,-0.005509717,0.116013983,0.132508333,-0.11145833300000002,9.199719362543934
787960,410219,0.06870370400000014,-0.045240741000000084,0.05772222300000007,1.445328700000033,0.0,-2.0,0.13440166699999997,0.000187717,0.030206481000000007,0.0004888889999999993,4.296117888979424
788937,40225,0.08864912199999997,-0.236859649,-0.05871929900000006,8.321543799999986,-1.0,9.0,-0.137034737,-0.253559679,0.013117544000000009,-0.05236315799999999,13.533904056318942
793898,418740,-0.15700000000000003,0.09400000000000008,0.1876,48.89866670000001,1.0,-9.0,0.05797633299999999,-0.016876666999999998,0.5585333330000001,-0.07833333300000002,25.090802276049274
793913,203008,0.09800000000000003,-0.028000000000000025,0.5356000000000001,-11.737333300000003,0.0,-7.0,0.071876333,0.15112333300000003,0.020533333000000015,-0.13653333300000003,13.550105344401917
794449,769876,0.054302381000000066,0.221304762,0.06271428599999995,3.4114904999999993,0.0,10.0,-0.47085476200000004,-0.034364736,-0.13481999999999997,-0.11413214299999999,5.483299462244996
795054,488378,-0.252194444,0.215930556,-0.20887500000000014,1.9995556000000079,0.0,2.0,-0.5795886109999999,-0.006031612999999999,0.14511944400000001,0.026620833000000003,3.4957378607003564
795288,1528006,-0.11034502400000001,-0.019475505000000004,-0.206175732,1.8011000000000053,-1.0,5.0,0.038842683000000044,0.12144084300000002,-0.059095756,-0.011953244000000002,4.221593162399625
795905,781094,0.11949999999999994,-0.6240000000000001,-0.122,-51.650000000000006,0.0,-2.0,0.7469200000000001,-0.01379672,-0.0005000000000000004,-0.032049999999999995,7.124114929722437
798477,75295,0.05590000000000006,-0.08350000000000002,-0.13277499999999998,-28.900424999999984,0.0,9.0,-0.077492,-0.001027283,0.0831975,0.07891749999999999,12.883425661530895
798662,760240,-0.011089002999999986,0.122503327,-0.136071649,-7.707924430000006,0.0,-7.0,-0.00023264600000005853,0.28232959700000004,-0.0032252580000000086,-0.0012396909999999942,7.794268275349004
800492,244406,0.19491666700000004,-0.05333333300000001,0.11830000000000002,8.515333299999995,0.0,-4.0,-0.13416666700000002,-0.45948626,-0.040150000000000005,-0.0175,10.713514427153257
802048,802791,0.07274999999999993,-0.3175,-0.17499999999999993,-49.9725,0.0,-2.0,0.331165875,-0.1986,0.018350000000000005,-0.012150000000000001,17.330375231397085
803533,31263,0.0676,0.09860000000000002,0.0998,-18.466200000000015,0.0,-3.0,-0.17714000000000002,-0.0071259,0.07474,-0.004460000000000006,4.0248336262863145
804338,30431,-0.333666667,0.472333333,-0.15566666699999998,14.507666700000016,0.0,4.0,-0.8379698999999999,0.675666667,-0.38999999999999996,-0.06436666699999999,2.5530316833585185
805930,259529,0.224592593,0.318255556,0.391148148,13.346666700000014,0.0,-5.0,-0.09777777799999998,-0.171884037,-0.00222963000000001,-0.006811111000000002,5.124817738766529
809058,118544,-0.016381225999999915,-0.09853065100000002,-0.10821647500000009,-3.5912567000000024,0.0,-7.0,0.321250766,-0.021510868,-0.004632949999999969,0.003990612999999997,5.817018457547766
810912,72041,0.07668750000000002,0.21881250000000002,-0.259625,-18.824937500000004,1.0,-2.0,-0.193228938,0.059041530999999994,-0.21919374999999997,0.02309375,2.4590582246199437
811178,96379,-0.03292307700000008,-0.10299999999999992,-0.05553846200000001,10.9451538,0.0,7.0,0.094996462,-0.12841018,-0.08191538500000001,-0.137861538,10.52052391058959
813463,75100,0.13950000000000007,0.26099999999999995,-0.23399999999999999,-4.677750000000003,1.0,0.0,-0.23934999999999998,-3.9559999999999994e-05,-0.24614999999999998,0.01225,4.172114126098622
814530,94658,-0.19640000000000002,0.195,-0.3052000000000001,-2.5214,1.0,-4.0,-0.23707999999999999,0.000168572,0.133,0.0364,4.661388025610645
814871,287350,-0.26162499999999994,0.33087500000000003,-0.10625000000000001,17.175375000000003,0.0,8.0,-0.740833187,0.109125225,-0.384625,-0.05796875,11.371363041323912
818254,838195,-0.20266666700000002,-0.517333333,-0.48966666700000006,16.237333299999975,-1.0,8.0,0.3861,-0.28295,0.07243333300000002,-0.045399999999999996,11.537977550536095
818627,276626,-0.22999999999999998,0.746,-0.23,55.513000000000005,-1.0,6.0,-0.8370879999999999,0.8320000000000001,0.10299999999999998,0.011300000000000004,39.369444295339534
820999,45057,-0.021230768999999983,0.0006923080000000303,-0.010538462000000082,-9.552538499999983,0.0,2.0,-0.125423077,-0.000618439,-0.020534615000000006,-0.008019230999999995,3.2827623880794774
821252,409954,0.07900000000000007,0.032333332999999964,-0.15900000000000003,-1.0619999999999976,0.0,-7.0,0.07900000000000007,-0.009859523,-0.019333333000000008,-0.009533332999999998,18.595920739171678
824895,295756,0.16014285700000008,0.001571429000000013,-0.168571429,-41.15971429999999,1.0,-11.0,0.16171428600000004,0.272603541,-0.31917142899999995,0.00034285700000000197,6.339331727285571
825168,477875,0.20111111100000012,0.09344444400000002,0.250777778,-15.394999999999996,-1.0,-3.0,0.01737777800000001,0.033926314,0.136511111,0.051866666,8.500028406910976
825208,898331,-0.018694444000000088,-0.10969722200000004,-0.183291667,18.85752769999999,0.0,4.0,-0.25804444399999993,-0.41942182200000006,0.007681944999999996,-0.008686110999999996,6.625667930942689
826936,92303,-0.24099999999999994,0.5830000000000001,0.427,60.873999999999995,0.0,6.0,-0.83417,0.0,-0.45199999999999996,0.1743,26.752075425444968
827224,591104,-0.007849673999999918,-0.021379085000000075,-0.15317647099999987,28.335209100000014,1.0,-4.0,0.09746405199999997,-0.057360194,0.03359673199999999,-0.012798038999999997,7.921891968144771
827250,137494,0.023266667000000074,0.11344444399999992,-0.0038222220000000418,-39.884844400000006,0.0,-7.0,0.023733332999999912,0.090630199,-0.04424,-0.019866667000000005,7.515101551036327
827367,608701,-0.19000000000000006,0.07300000000000018,-0.45599999999999996,-21.617000000000004,0.0,2.0,-0.6736,-0.00065292,0.20099999999999996,-0.015200000000000002,14.047037439033716
827859,492162,-0.16700000000000004,0.29699999999999993,0.179,-21.352999999999994,-1.0,1.0,0.03741,3.43e-05,-0.057499999999999996,-0.14700000000000002,21.41635574027866
829125,221894,0.18400000000000005,0.24716666599999998,0.2919999999999999,-18.97033340000003,0.0,5.0,-0.29841,0.0969345,0.026999999999999996,0.008316665999999993,8.604035418965177
832833,321321,0.03600000000000014,0.518,0.35200000000000004,9.519000000000005,-1.0,-1.0,-0.609,0.0,-0.39999999999999997,-0.0707,14.164504937762453
836017,151290,-0.12166666700000006,0.07766666700000002,0.22533333300000002,50.775000000000006,0.0,6.0,0.10899999999999987,0.9619938900000001,-0.16700000000000004,-0.008566667,9.040394655492081
836103,669511,-0.0011269839999999975,-0.411666667,-0.48485714299999993,28.644158700000006,0.0,-3.0,0.679183333,0.00318172,-0.07420634899999995,0.004209523999999999,5.31651245345712
837150,577531,0.05026000000000008,-0.22067399999999998,0.08172666700000009,4.193126700000022,0.0,6.0,0.1946733329999999,-0.004081251000000001,-0.09472933300000003,0.040378,7.073460536954615
838847,687933,-0.07199999999999995,0.498,-0.15600000000000003,7.111999999999995,-1.0,4.0,-0.7971999999999999,0.00515,0.06400000000000006,-0.0481,37.553511487429546
839037,540883,0.17500000000000004,0.34500000000000003,-0.23399999999999999,-34.10900000000001,1.0,-9.0,-0.34667,-2.1099999999999998e-05,-0.16199999999999998,0.013999999999999995,8.273894589251704
845668,582930,-0.02999999999999997,0.4140000000000001,-0.57,-46.834,1.0,-9.0,-0.10999999999999999,0.49695970000000006,0.2270000000000001,0.029099999999999997,32.600683400456106
847703,11028,0.10711153799999995,-0.042553846000000006,-0.03315384599999993,-11.245992299999997,0.0,-7.0,0.19818076900000003,0.035024072999999996,0.15810461499999998,0.147867308,3.3394395598571003
851639,228714,-0.157727273,0.17257272699999998,0.02535454499999998,36.714,0.0,7.0,-0.08909090900000005,-0.854653835,0.1431,-0.014068182000000005,6.7170068986668845
853254,301619,-0.06499999999999995,0.2739999999999999,0.48300000000000004,-22.854,-1.0,-5.0,0.18251,8.840000000000001e-05,0.20600000000000002,-0.219,17.575555783198023
855619,47033,0.03200000000000003,0.38,-0.01100000000000001,-5.448999999999998,0.0,-1.0,-0.702,0.792,-0.528,-0.0578,16.942843060999564
855655,796439,-0.13920983600000003,-0.13973770500000005,-0.10687213099999993,-11.758144300000012,1.0,-7.0,0.177159016,-4.73e-05,0.003109179999999989,-0.05880918,2.998641585215684
857887,7731,-0.2950000000000001,0.21499999999999997,-0.192,30.560000000000002,0.0,-1.0,-0.00012100000000000001,-0.03769666,0.007999999999999993,0.0834,15.151482626308551
859509,798606,-0.21766666699999998,0.571333333,-0.06666666700000001,59.608666699999986,0.0,8.0,-0.837729167,0.220366667,-0.36069999999999997,-0.054933332999999994,6.8710376221936125
860996,764890,-0.016836364000000104,-0.03952727299999992,0.133527273,0.2260726999999889,0.0,-2.0,-0.07891909100000005,0.000149942,0.05299818199999998,0.002932727000000003,4.694255109844957
862902,626268,0.10649999999999998,-0.1773,0.23195000000000002,-37.94999999999999,0.0,-7.0,0.244,0.08860000000000004,-0.06895000000000001,0.001799999999999996,5.100693251223124
866767,610706,0.14500000000000002,-0.11199999999999999,-0.49499999999999994,-53.52099999999999,1.0,-2.0,0.265,-4.03e-05,-0.359,-0.0051,4.519909769918545
884251,390477,0.13066666699999996,-0.16399999999999992,-0.18899999999999995,28.611333299999984,1.0,-3.0,0.163805667,-0.0377,0.060366667,-0.0021666670000000006,4.648370447123691
887235,37730,-0.283,0.654,-0.20199999999999999,59.43099999999998,0.0,1.0,-0.837494,0.0155,-0.482,-0.024300000000000002,7.730743912394767
887348,87113,0.03663197600000001,0.18896681800000004,0.12422624399999982,-7.869695400000012,0.0,1.0,-0.623842136,0.0037399719999999994,-0.01035716400000003,-0.00037511299999999637,11.901798331084628
887719,556242,0.17099999999999993,-0.768,-0.347,-83.84400000000002,0.0,-2.0,0.01672,0.8152,-0.0568,0.050199999999999995,42.20288908101722
887990,684920,0.156622257,0.151734357,0.190590596,-7.76956113,1.0,1.0,-0.11142319700000003,-0.296798746,0.10622131699999998,0.0013100319999999957,5.757284323084003
888394,366164,0.0018333329999999926,-0.578833333,-0.32016666700000007,21.127833299999978,0.0,3.0,0.6301000000000001,-0.2791685,0.025533333000000005,-0.0644,11.508854741325766
891911,777210,0.11296491200000003,-0.16149122799999993,-0.06635087799999995,4.6181227999999805,0.0,5.0,-0.150533158,-0.273492385,-0.006682455999999989,-0.055494737,3.921222915605214
894831,758194,0.10726724099999996,0.521939655,0.43549999999999994,3.7654138000000046,0.0,0.0,-0.22248275899999992,0.012127768,-0.017426724000000005,0.011407759000000003,4.703480859001654
912566,961427,-0.16799999999999998,-0.01799999999999996,-0.04449999999999999,-23.462000000000003,0.0,-6.0,-0.40599999999999997,0.9064899999999999,0.017200000000000007,-0.010599999999999998,17.88897690152492
914671,43444,0.019999999999999907,-0.13,0.2629999999999999,28.476000000000013,0.0,0.0,0.04299999999999993,0.0,0.04899999999999993,-0.03500000000000003,38.124197134273835
919846,325459,0.28500000000000003,-0.22999999999999998,0.7626000000000001,-17.669333300000005,1.0,-11.0,0.28377633300000005,-0.016867267,0.02653333300000002,-0.15883333300000002,4.269521781336473
920165,171637,-0.214077778,0.137655556,-0.12278888900000007,1.2887778000000054,0.0,2.0,-0.10050408899999996,0.41602830199999996,-0.004337778000000014,0.031018888999999987,12.729590649766518
921289,245039,-0.27483636400000006,-0.09752727299999997,0.17332727299999995,8.553872699999985,0.0,0.0,0.04624090899999994,0.9245808999999999,-0.03982181800000004,-0.025387273000000002,17.542696605093166
921554,389979,0.3255,-0.16449999999999998,0.5426499999999999,-18.38799999999999,0.0,7.0,0.43250000000000005,1.81e-06,0.03,-0.0029,6.903759277454049
923497,684920,-0.012265216999999995,-0.33279195699999997,-0.109986957,-30.130326089999997,0.0,1.0,0.3409006520000001,0.025173912999999937,0.014132609000000004,-0.0039739130000000025,9.553398115259462
923801,541125,-0.06164619900000001,-0.14283918099999998,-0.16002046800000003,3.8555145999999922,0.0,-5.0,0.090808585,-0.023903235999999998,-0.164383041,0.002207309999999997,0.779047800242373
933927,119651,-0.11749999999999994,0.4505,0.21900000000000003,43.85400000000001,0.0,0.0,-0.67825,0.8165,-0.48005,-0.0477,9.027609755730328
934801,307461,-0.42999999999999994,-0.08299999999999999,-0.3702,33.71600000000001,0.0,-1.0,0.07900000000000007,0.00658,-0.487,-0.060099999999999994,18.244289914237687
935413,403184,0.2670666669999999,0.13960564099999995,0.365755897,7.799379499999986,0.0,7.0,-0.206843487,-0.116381554,0.04126615400000003,0.023793845999999987,10.349630392732319
936126,112017,-0.30500000000000005,-0.29399999999999993,-0.09899999999999998,-31.807000000000002,1.0,-2.0,-0.307,0.0,0.187,-0.0619,33.251261556184375
948333,478426,0.24275000000000002,-0.27775000000000005,0.74035,3.274416699999989,1.0,-11.0,0.054478583,0.337823333,0.005858333000000007,-0.15120833300000003,15.480969779698654
949025,230667,-0.16000000000000003,0.22200000000000003,-0.15100000000000002,35.62900000000002,0.0,1.0,-0.135,0.0,-0.41,-0.0722,16.369760465576995
950441,246960,0.24066666700000006,-0.05883333299999993,0.6597666670000001,0.9431667000000061,1.0,-11.0,0.145276333,-0.016872996999999997,-0.042133333999999995,-0.14653333300000002,5.747275243049146
950777,409954,-0.013666666999999966,-0.014666667000000022,0.15500000000000003,17.75099999999999,0.0,1.0,0.5166666670000001,-0.00015967700000000002,-0.03603333300000001,0.014200000000000004,6.884478697002272
950805,6320,0.22799999999999998,-0.15666666699999998,0.5546,-30.255000000000024,1.0,-2.0,0.123843,-0.015753333999999997,0.08923333300000003,-0.16140000000000002,2.8845601211580076
952503,6613,0.11299999999999999,0.15400000000000003,-0.21700000000000003,38.0,1.0,3.0,0.42833899999999997,-0.0377,0.665,0.14840000000000003,44.897578778601805
954189,69534,0.16142857099999997,-0.07757142900000003,0.293028571,-24.702476200000007,1.0,-7.0,0.11969061899999998,-0.016817467,0.17606190400000002,-0.14753333300000002,2.5359755372659594
955773,249175,0.186025316,-0.01143459899999999,0.06755864899999997,11.812265800000006,0.0,-6.0,0.48223038000000007,0.408588384,-0.18892953599999998,0.030410127000000002,6.755716109606095
983872,591459,-0.07866666700000002,0.10233333300000003,0.016369230999999984,25.739025599999977,-1.0,-2.0,-0.072239897,-0.000347384,-0.11547435899999998,-0.04657692300000001,12.159646468015278
986695,190235,-0.06999999999999995,0.716,0.3529999999999999,76.32100000000003,0.0,6.0,-0.509,0.0,-0.43399999999999994,0.08730000000000003,19.203676530357143
989540,240665,-0.17200000000000004,-0.282,-0.041000000000000036,104.93300000000002,0.0,-3.0,0.7043389999999999,-0.0377,0.010000000000000009,0.0804,41.25228206403205
997588,28002,-0.15125000000000005,0.18475000000000008,-0.17074999999999996,61.25450000000001,1.0,-3.0,-0.00033732500000000003,-0.037699081999999995,0.014799999999999994,0.04305,2.0921295877180004
999790,667669,0.19193333300000004,0.15053333299999994,0.07496923099999997,24.866425599999985,0.0,-4.0,-0.10287189699999999,0.366133326,0.17662564100000003,-0.048436923000000014,8.898690177494744
1061504,549797,0.013666666999999966,0.014666667000000022,-0.15500000000000003,-17.75099999999999,0.0,-1.0,-0.5166666670000001,0.00015967700000000002,0.03603333300000001,-0.014200000000000004,6.973747033389923
1435165,798662,0.16799999999999998,0.01799999999999996,0.04449999999999999,23.462000000000003,0.0,6.0,0.40599999999999997,-0.9064899999999999,-0.017200000000000007,0.010599999999999998,13.95191027331194
1459978,239921,0.279677419,-0.2799677420000001,0.36724516100000004,-20.953559099999993,0.0,-2.0,0.12319568799999998,0.05551381700000001,0.11003010699999999,-0.15331397800000002,14.664912053503159
1471849,1824831,-0.03425151500000001,0.13922121200000004,-0.0453424240000001,-8.688787900000008,1.0,-2.0,-0.15665181799999994,-5.69e-07,-0.004546970000000011,0.021979394,8.714414415731502
1482685,467203,0.155581921,0.08592146899999997,0.19316666700000001,-40.272299399999994,0.0,-2.0,0.10196013300000002,0.050589212,-0.11337104499999998,-0.030224576000000003,10.476735482138796
1573712,758999,-0.010166667000000018,-0.15316666700000003,-0.21963076900000003,-21.800474400000013,0.0,-10.0,0.08766010300000002,0.276231616,-0.06057435899999998,0.07852307699999998,16.47624616599707
1591840,57280,-0.14800000000000002,0.256,-0.035,7.842000000000013,0.0,6.0,0.039400000000000004,0.0,-0.5205,0.036000000000000004,17.980988096764495
1772438,480086,0.038999999999999924,0.017750000000000044,-0.14225,47.244,1.0,7.0,0.32643225,0.38349799999999995,0.272825,0.008325000000000006,11.463097386989777
2043528,776011,-0.24216666700000006,0.19316666700000007,-0.046666666999999995,61.63499999999999,1.0,4.0,0.004996176999999999,-0.022801709999999996,0.144816667,0.03545,13.044265643745852
2060288,924780,-0.054500000000000104,0.007000000000000006,0.10999999999999999,10.811000000000007,1.0,-3.0,0.12233900000000002,-0.028587249999999998,-0.009999999999999995,0.012250000000000004,13.514846110832165
2118074,546214,0.13479999999999992,0.032466667000000116,0.013933332999999992,29.374200000000002,1.0,8.0,0.190616333,-0.037630199999999996,-0.0032000000000000084,0.03284,2.616083467363989
2142940,775877,0.02399999999999991,-0.4075,-0.16699999999999998,-0.6585000000000036,1.0,7.0,0.739839,-0.0377,-0.013150000000000009,-0.0030999999999999986,8.130375143784194
2394289,45313,0.14500000000000002,0.357,0.4769999999999999,-32.795000000000016,0.0,-1.0,-0.7426999999999999,-0.2449719,0.05199999999999999,0.007200000000000005,2.4182870870464823
2397707,757342,0.022499999999999964,0.20350000000000001,0.13050000000000006,52.4975,1.0,4.0,0.0023109999999999997,-0.0377,-0.04685,0.06905,7.523790541312395
2406958,578999,-0.17474999999999996,-0.26050000000000006,-0.368,-12.926999999999978,0.0,2.0,-0.12267500000000003,0.000366735,-0.20709999999999995,0.0022749999999999992,4.159557963534055
2518402,196969,0.07777499999999998,-0.31250000000000006,-0.42517499999999997,-75.5855,0.0,-6.0,0.8180000000000001,0.7885800000000001,-0.010899999999999993,-0.032650000000000005,19.855831946164137
2526137,495338,0.11199999999999999,0.383,0.3805,7.942999999999984,0.0,6.0,-0.7454,-0.24480625,0.1031,0.04410000000000001,13.751259699160107
2596970,232480,-0.156622257,-0.151734357,-0.190590596,7.76956113,-1.0,-1.0,0.11142319700000003,0.296798746,-0.10622131699999998,-0.0013100319999999957,9.041727442826845
2641312,546214,0.165666667,0.357166667,0.341,-16.300500000000014,0.0,4.0,-0.6986749999999999,-0.245,0.139783333,0.049333333,0.9693115476470124
2775792,468938,-0.07011864400000012,-0.15625423700000007,-0.444367797,5.51823730000001,0.0,1.0,-0.43609647500000004,3.24e-05,-0.15689152499999998,0.05663898300000002,11.024478250993418
2814183,83554,0.05349999999999999,0.016249999999999987,-0.08924999999999997,-23.413500000000013,0.0,6.0,-0.1722499999999999,-0.2445514,0.05210000000000001,0.0228,8.791669441217453
2877945,587631,0.1848749999999999,-0.3105000000000001,-0.267125,3.1748125000000016,0.0,-4.0,0.32095,0.502834856,-0.022025000000000017,0.019499999999999997,5.818956898266383
2923522,31685,0.137,0.477,0.37899999999999995,-52.14100000000002,-1.0,3.0,-0.7884,-0.244894,-0.0598,0.11220000000000002,18.806425207031104
3099573,275757,0.1825,-0.026499999999999968,-0.188,37.940500000000014,0.0,-1.0,0.2928,0.0,-0.28700000000000003,0.01405,17.90888994971138
3145435,792530,0.07999999999999996,-0.2005,-0.17924999999999996,9.926500000000004,1.0,5.0,0.412589,-0.0376392,0.01734999999999999,0.0716,5.945353350688253
3178543,761179,-0.006750000000000034,-0.3295,-0.41900000000000004,-5.18249999999999,0.0,-3.0,0.0007749999999999702,0.000305,-0.18649999999999997,0.07707499999999999,12.922962806626156
3190264,757342,-0.04133333299999997,0.38266666699999996,0.253333333,8.706333299999983,0.0,2.0,-0.605459,-0.245,-0.061233332999999994,0.044566667,7.31124296725195
3242655,303506,-0.045399999999999996,-0.27340000000000003,-0.14460000000000006,-6.884799999999984,0.0,1.0,-0.09740000000000004,0.0,-0.22499999999999998,0.17331999999999997,17.09718056684543
3306945,3161008,0.00012499999999993072,-0.20662500000000006,-0.22012500000000002,-14.30568749999999,-1.0,-4.0,0.1272375,0.114855981,-0.026162500000000005,0.1589375,7.7071638843882075
3313123,275757,0.018000000000000016,0.07649999999999996,0.32250000000000006,-59.48050000000002,0.0,-4.0,-0.017999999999999905,-0.2449435,0.032,0.20220000000000002,13.296343307470886
3361526,467203,0.17828571400000004,0.12442857099999993,0.10471428600000005,-34.721285700000024,0.0,0.0,-0.48491428599999997,-0.244016559,0.037349999999999994,0.050114286,5.481693381695424
3410250,3426,-0.12,-0.268,-0.343,-20.135999999999996,0.0,-5.0,-0.28900000000000003,5.91e-05,-0.23499999999999996,0.0878,13.966496846600926
3416601,170770,-0.031000000000000028,-0.40800000000000003,-0.28900000000000003,-26.933999999999997,1.0,5.0,-0.055999999999999994,8.24e-06,-0.24269999999999997,0.13279999999999997,13.624255632369707
3420473,170770,-0.144791667,-0.204333333,-0.16033333299999997,2.5999582999999973,1.0,4.0,-0.230939167,0.032527993,-0.18829583299999997,-0.005529166999999988,11.679479773677357
3449693,325459,0.039000000000000035,0.16199999999999992,0.13200000000000006,-31.204666700000033,0.0,1.0,-0.7276766669999999,-0.031221200000000005,0.006000000000000005,0.017766667000000007,6.558445228543093
3469567,80649,0.11224999999999996,0.29574999999999996,0.23275000000000007,-19.624250000000018,0.0,-1.0,-0.758585,-0.24499133,-0.027649999999999994,0.004924999999999999,9.545868502630816
3486253,612716,0.027285714000000016,-0.018928571000000005,-0.02849999999999997,19.918928599999987,0.0,3.0,0.138971429,3.753e-05,-0.20894285699999998,0.011307142999999999,7.50195715814242
3539434,744796,-0.08571428599999997,-0.49159523799999993,-0.26275,0.22184529999999825,-1.0,3.0,0.635638096,0.221089397,-0.19560952399999998,0.017840476,11.248139886809268
3606027,2570457,-0.131935484,-0.37922580600000005,-0.44316129000000004,-6.9443225999999925,1.0,3.0,-0.07440000000000002,0.051412560999999996,-0.16459677399999995,0.029000000000000012,7.26731492218701
